섹터코드,섹터명,종목코드,종목명
En,에너지,A000440,중앙에너비스
En,에너지,A002960,한국쉘석유
En,에너지,A003650,미창석유
En,에너지,A006120,SK디스커버리
En,에너지,A010950,S-Oil
En,에너지,A012320,경동인베스트
En,에너지,A017940,E1
En,에너지,A018670,SK가스
En,에너지,A024060,흥구석유
En,에너지,A053620,태양
En,에너지,A060900,DGP
En,에너지,A065420,에스아이리소스
En,에너지,A096770,SK이노베이션
En,에너지,A098070,한텍
En,에너지,A101970,우양에이치씨
En,에너지,A136150,원일티엔아이
En,에너지,A137950,제이씨케미칼
En,에너지,A267250,HD현대
En,에너지,A457550,우진엔텍
En,에너지,A475150,SK이터닉스
Ma,소재,A000180,성창기업지주
Ma,소재,A000210,DL
Ma,소재,A000320,노루홀딩스
Ma,소재,A000390,삼화페인트
Ma,소재,A000670,영풍
Ma,소재,A000760,이화산업
Ma,소재,A000860,강남제비스코
Ma,소재,A000910,유니온
Ma,소재,A001020,페이퍼코리아
Ma,소재,A001080,만호제강
Ma,소재,A001230,동국홀딩스
Ma,소재,A001340,PKC
Ma,소재,A001390,KG케미칼
Ma,소재,A001430,세아베스틸지주
Ma,소재,A001520,동양
Ma,소재,A001550,조비
Ma,소재,A001570,금양
Ma,소재,A001770,SHD
Ma,소재,A001810,무림SP
Ma,소재,A001940,KISCO홀딩스
Ma,소재,A002030,아세아
Ma,소재,A002100,경농
Ma,소재,A002200,한국수출포장
Ma,소재,A002220,한일철강
Ma,소재,A002240,고려제강
Ma,소재,A002310,아세아제지
Ma,소재,A002360,SH에너지화학
Ma,소재,A002380,KCC
Ma,소재,A002690,동일제강
Ma,소재,A002710,TCC스틸
Ma,소재,A002760,보락
Ma,소재,A002820,SUN&L
Ma,소재,A002840,미원상사
Ma,소재,A002870,신풍
Ma,소재,A003030,세아제강지주
Ma,소재,A003080,SB성보
Ma,소재,A003240,태광산업
Ma,소재,A003300,한일홀딩스
Ma,소재,A003580,HLB글로벌
Ma,소재,A003670,포스코퓨처엠
Ma,소재,A003720,삼영
Ma,소재,A003780,진양산업
Ma,소재,A004000,롯데정밀화학
Ma,소재,A004020,현대제철
Ma,소재,A004090,한국석유
Ma,소재,A004150,한솔홀딩스
Ma,소재,A004250,NPC
Ma,소재,A004430,송원산업
Ma,소재,A004440,삼일씨엔에스
Ma,소재,A004450,삼화왕관
Ma,소재,A004560,현대비앤지스틸
Ma,소재,A004650,창해에탄올
Ma,소재,A004780,대륙제관
Ma,소재,A004830,덕성
Ma,소재,A004870,티웨이홀딩스
Ma,소재,A004890,동일산업
Ma,소재,A004910,조광페인트
Ma,소재,A004980,성신양회
Ma,소재,A005010,휴스틸
Ma,소재,A005160,동국산업
Ma,소재,A005290,동진쎄미켐
Ma,소재,A005420,코스모화학
Ma,소재,A005490,POSCO홀딩스
Ma,소재,A005810,풍산홀딩스
Ma,소재,A005820,원림
Ma,소재,A005950,이수화학
Ma,소재,A006110,삼아알미늄
Ma,소재,A006380,카프로
Ma,소재,A006390,한일현대시멘트
Ma,소재,A006650,대한유화
Ma,소재,A006740,영풍제지
Ma,소재,A006890,태경케미컬
Ma,소재,A006920,모헨즈
Ma,소재,A007110,일신석재
Ma,소재,A007280,한국특강
Ma,소재,A007590,동방아그로
Ma,소재,A007690,국도화학
Ma,소재,A007770,한일화학
Ma,소재,A008250,이건산업
Ma,소재,A008260,NI스틸
Ma,소재,A008350,남선알미늄
Ma,소재,A008420,문배철강
Ma,소재,A008730,율촌화학
Ma,소재,A008870,금비
Ma,소재,A008970,동양철관
Ma,소재,A009190,대양금속
Ma,소재,A009200,무림페이퍼
Ma,소재,A009460,한창제지
Ma,소재,A009520,포스코엠텍
Ma,소재,A009580,무림P&P
Ma,소재,A009620,삼보산업
Ma,소재,A009730,이렘
Ma,소재,A009770,삼정펄프
Ma,소재,A009780,엠에스씨
Ma,소재,A009810,플레이그램
Ma,소재,A009830,한화솔루션
Ma,소재,A010060,OCI홀딩스
Ma,소재,A010130,고려아연
Ma,소재,A010640,진양폴리
Ma,소재,A011170,롯데케미칼
Ma,소재,A011280,태림포장
Ma,소재,A011390,부산산업
Ma,소재,A011500,한농화성
Ma,소재,A011780,금호석유화학
Ma,소재,A011790,SKC
Ma,소재,A012160,영흥
Ma,소재,A012610,경인양행
Ma,소재,A012620,원일특강
Ma,소재,A012630,HDC
Ma,소재,A012800,대창
Ma,소재,A013000,세우글로벌
Ma,소재,A014160,대영포장
Ma,소재,A014280,금강공업
Ma,소재,A014440,영보화학
Ma,소재,A014530,극동유화
Ma,소재,A014580,태경비케이
Ma,소재,A014680,한솔케미칼
Ma,소재,A014820,동원시스템즈
Ma,소재,A014830,유니드
Ma,소재,A014910,성문전자
Ma,소재,A014970,삼륭물산
Ma,소재,A015890,태경산업
Ma,소재,A016380,KG스틸
Ma,소재,A016590,신대양제지
Ma,소재,A017480,삼현철강
Ma,소재,A017650,대림제지
Ma,소재,A017860,DS단석
Ma,소재,A017890,한국알콜
Ma,소재,A017960,한국카본
Ma,소재,A018290,브이티
Ma,소재,A018470,조일알미늄
Ma,소재,A019440,세아특수강
Ma,소재,A021040,대호특수강
Ma,소재,A021050,서원
Ma,소재,A023000,삼원강재
Ma,소재,A023410,유진기업
Ma,소재,A023440,제이스코홀딩스
Ma,소재,A023450,동남합성
Ma,소재,A023600,삼보판지
Ma,소재,A023790,동일스틸럭스
Ma,소재,A024070,WISCOM
Ma,소재,A024090,디씨엠
Ma,소재,A024890,대원화성
Ma,소재,A025000,KPX케미칼
Ma,소재,A025550,한국선재
Ma,소재,A025750,한솔홈데코
Ma,소재,A025820,이구산업
Ma,소재,A025860,남해화학
Ma,소재,A025890,한국주강
Ma,소재,A025900,동화기업
Ma,소재,A026910,광진실업
Ma,소재,A026940,부국철강
Ma,소재,A027580,상보
Ma,소재,A027970,한국제지
Ma,소재,A032560,황금에스티
Ma,소재,A032860,더라미
Ma,소재,A032980,바이온
Ma,소재,A033310,엠투엔
Ma,소재,A033500,동성화인텍
Ma,소재,A036640,HRS
Ma,소재,A036670,삼양케이씨아이
Ma,소재,A036830,솔브레인홀딩스
Ma,소재,A037230,한국팩키지
Ma,소재,A037370,EG
Ma,소재,A037760,쎄니트
Ma,소재,A038010,제일테크노스
Ma,소재,A038500,삼표시멘트
Ma,소재,A039240,경남스틸
Ma,소재,A042040,케이피엠테크
Ma,소재,A045060,오공
Ma,소재,A048470,대동스틸
Ma,소재,A048830,엔피케이
Ma,소재,A049550,잉크테크
Ma,소재,A049830,승일
Ma,소재,A050760,에스폴리텍
Ma,소재,A051910,LG화학
Ma,소재,A053260,금강철강
Ma,소재,A055490,테이팩스
Ma,소재,A056700,신화인터텍
Ma,소재,A058430,포스코스틸리온
Ma,소재,A058450,한주에이알티
Ma,소재,A058650,세아홀딩스
Ma,소재,A058730,다스코
Ma,소재,A060230,소니드
Ma,소재,A060380,동양에스텍
Ma,소재,A060480,국일신동
Ma,소재,A060560,홈센타홀딩스
Ma,소재,A069260,TKG휴켐스
Ma,소재,A069460,대호에이엘
Ma,소재,A071090,하이스틸
Ma,소재,A074430,아미노로직스
Ma,소재,A075970,동국알앤에스
Ma,소재,A078130,국일제지
Ma,소재,A078140,대봉엘에스
Ma,소재,A078940,퀀타피아
Ma,소재,A079170,한창산업
Ma,소재,A079650,서산
Ma,소재,A081000,일진다이아
Ma,소재,A081150,티플랙스
Ma,소재,A083420,그린케미칼
Ma,소재,A084010,대한제강
Ma,소재,A086520,에코프로
Ma,소재,A086710,선진뷰티사이언스
Ma,소재,A090350,노루페인트
Ma,소재,A090410,덕신이피씨
Ma,소재,A091340,S&K폴리텍
Ma,소재,A091970,나노캠텍
Ma,소재,A092070,디엔에프
Ma,소재,A092230,KPX홀딩스
Ma,소재,A092790,넥스틸
Ma,소재,A093370,후성
Ma,소재,A095500,미래나노텍
Ma,소재,A097870,효성오앤비
Ma,소재,A100250,진양홀딩스
Ma,소재,A101240,씨큐브
Ma,소재,A102260,동성케미컬
Ma,소재,A102710,이엔에프테크놀로지
Ma,소재,A103140,풍산
Ma,소재,A104700,한국철강
Ma,소재,A104830,원익머트리얼즈
Ma,소재,A105330,케이엔더블유
Ma,소재,A107590,미원홀딩스
Ma,소재,A107600,새빗켐
Ma,소재,A109070,주성코퍼레이션
Ma,소재,A109860,동일금속
Ma,소재,A110020,전진바이오팜
Ma,소재,A112290,와이씨켐
Ma,소재,A114630,폴라리스우노
Ma,소재,A115570,스타플렉스
Ma,소재,A120030,조선선재
Ma,소재,A120110,코오롱인더
Ma,소재,A120240,대정화금
Ma,소재,A121600,나노신소재
Ma,소재,A121850,코이즈
Ma,소재,A126560,현대퓨처넷
Ma,소재,A126600,BGF에코머티리얼즈
Ma,소재,A128660,피제이메탈
Ma,소재,A131100,티엔엔터테인먼트
Ma,소재,A133820,화인베스틸
Ma,소재,A134380,미원화학
Ma,소재,A136410,아셈스
Ma,소재,A138070,신진에스엠
Ma,소재,A138360,협진
Ma,소재,A138490,코오롱ENP
Ma,소재,A139990,아주스틸
Ma,소재,A140520,대창스틸
Ma,소재,A155660,DSR
Ma,소재,A159910,에코글로우
Ma,소재,A161000,애경케미칼
Ma,소재,A163280,에어레인
Ma,소재,A170920,엘티씨
Ma,소재,A178920,PI첨단소재
Ma,소재,A183190,아세아시멘트
Ma,소재,A186230,그린플러스
Ma,소재,A187420,HLB제넥스
Ma,소재,A187790,나노
Ma,소재,A192390,윈하이텍
Ma,소재,A196700,웹스
Ma,소재,A198440,강동씨앤엘
Ma,소재,A213500,한솔제지
Ma,소재,A220260,켐트로스
Ma,소재,A221980,케이디켐
Ma,소재,A222420,쎄노텍
Ma,소재,A225530,보광산업
Ma,소재,A228340,동양파일
Ma,소재,A238090,앤디포스
Ma,소재,A247660,나노씨엠에스
Ma,소재,A250930,예선테크
Ma,소재,A251370,와이엠티
Ma,소재,A251970,펌텍코리아
Ma,소재,A255220,SG
Ma,소재,A260970,에스앤디
Ma,소재,A263770,유에스티
Ma,소재,A265740,엔에프씨
Ma,소재,A268280,미원에스씨
Ma,소재,A272550,삼양패키징
Ma,소재,A278280,천보
Ma,소재,A281740,레이크머티리얼즈
Ma,소재,A285130,SK케미칼
Ma,소재,A285800,진영
Ma,소재,A286750,나노실리칸첨단소재
Ma,소재,A290380,대유
Ma,소재,A294140,레몬
Ma,소재,A295310,에이치브이엠
Ma,소재,A298000,효성화학
Ma,소재,A298020,효성티앤씨
Ma,소재,A298050,HS효성첨단소재
Ma,소재,A300720,한일시멘트
Ma,소재,A306200,세아제강
Ma,소재,A317870,엔바이오니아
Ma,소재,A318000,KBG
Ma,소재,A318410,비비씨
Ma,소재,A332290,누보
Ma,소재,A340440,세림B&G
Ma,소재,A348370,엔켐
Ma,소재,A352940,인바이오
Ma,소재,A357550,석경에이티
Ma,소재,A357780,솔브레인
Ma,소재,A361610,SK아이이테크놀로지
Ma,소재,A417010,나노팀
Ma,소재,A446070,유니드비티플러스
Ma,소재,A456040,OCI
Ma,소재,A457190,이수스페셜티케미컬
Ma,소재,A460850,동국씨엠
Ma,소재,A460860,동국제강
Ma,소재,A460870,에스엠씨지
Ma,소재,A462520,조선내화
In,산업,A000120,CJ대한통운
In,산업,A000150,두산
In,산업,A000480,CR홀딩스
In,산업,A000490,대동
In,산업,A000500,가온전선
In,산업,A000590,CS홀딩스
In,산업,A000650,천일고속
In,산업,A000700,유수홀딩스
In,산업,A000720,현대건설
In,산업,A000850,화천기공
In,산업,A000880,한화
In,산업,A000970,한국주철관
In,산업,A001040,CJ
In,산업,A001120,LX인터내셔널
In,산업,A001140,국보
In,산업,A001210,금호전기
In,산업,A001250,GS글로벌
In,산업,A001260,남광토건
In,산업,A001440,대한전선
In,산업,A001470,삼부토건
In,산업,A001560,제일연마
In,산업,A001740,SK네트웍스
In,산업,A001780,알루코
In,산업,A001840,이화공영
In,산업,A002020,코오롱
In,산업,A002150,도화엔지니어링
In,산업,A002290,삼일기업공사
In,산업,A002320,한진
In,산업,A002410,범양건영
In,산업,A002460,HS화성
In,산업,A002780,진흥기업
In,산업,A002810,삼영무역
In,산업,A002900,TYM
In,산업,A002990,금호건설
In,산업,A003010,혜인
In,산업,A003070,코오롱글로벌
In,산업,A003100,선광
In,산업,A003280,흥아해운
In,산업,A003490,대한항공
In,산업,A003550,LG
In,산업,A003570,SNT다이내믹스
In,산업,A004140,동방
In,산업,A004360,세방
In,산업,A004380,삼익THK
In,산업,A004800,효성
In,산업,A004960,한신공영
In,산업,A004990,롯데지주
In,산업,A005360,모나미
In,산업,A005430,한국공항  
In,산업,A005440,현대지에프홀딩스
In,산업,A005750,대림바스
In,산업,A005880,대한해운
In,산업,A005960,동부건설
In,산업,A006050,국영지앤엠
In,산업,A006260,LS
In,산업,A006340,대원전선
In,산업,A006360,GS건설
In,산업,A006570,대림통상
In,산업,A006840,AK홀딩스
In,산업,A006910,보성파워텍
In,산업,A007120,미래아이앤지
In,산업,A007210,벽산
In,산업,A007460,에이프로젠
In,산업,A007530,와이엠
In,산업,A007610,선도전기
In,산업,A007820,에스엠코어
In,산업,A008470,부스타
In,산업,A009070,KCTC
In,산업,A009160,SIMPAC
In,산업,A009180,한솔로지스틱스
In,산업,A009410,태영건설
In,산업,A009440,KC그린홀딩스
In,산업,A009450,경동나비엔
In,산업,A009540,HD한국조선해양
In,산업,A010040,한국내화
In,산업,A010120,LS ELECTRIC
In,산업,A010140,삼성중공업
In,산업,A010240,흥국
In,산업,A010400,우진아이엔에스
In,산업,A010420,한솔PNS
In,산업,A010620,HD현대미포
In,산업,A010660,화천기계
In,산업,A010780,아이에스동서
In,산업,A010820,퍼스텍
In,산업,A010960,삼호개발
In,산업,A011200,HMM
In,산업,A011370,서한
In,산업,A011560,세보엠이씨
In,산업,A011690,와이투솔루션
In,산업,A011700,한신기계
In,산업,A011760,현대코퍼레이션
In,산업,A011810,STX
In,산업,A012450,한화에어로스페이스
In,산업,A012750,에스원
In,산업,A013030,하이록코리아
In,산업,A013360,일성건설
In,산업,A013570,디와이
In,산업,A013580,계룡건설
In,산업,A013700,까뮤이앤씨
In,산업,A013810,스페코
In,산업,A014130,한익스프레스
In,산업,A014190,원익큐브
In,산업,A014200,광림
In,산업,A014620,성광벤드
In,산업,A014790,HL D&I
In,산업,A014940,오리엔탈정공
In,산업,A015230,대창단조
In,산업,A015590,DKME
In,산업,A015860,일진홀딩스
In,산업,A016250,SGC E&C
In,산업,A016800,퍼시스
In,산업,A016880,웅진
In,산업,A016920,카스
In,산업,A017000,신원종합개발
In,산업,A017040,광명전기
In,산업,A017510,세명전기
In,산업,A017550,수산세보틱스
In,산업,A017800,현대엘리베이터
In,산업,A018000,유니슨
In,산업,A018310,삼목에스폼
In,산업,A019210,와이지-원
In,산업,A019990,에너토크
In,산업,A020560,아시아나항공
In,산업,A020710,시공테크
In,산업,A021320,KCC건설
In,산업,A021650,한국큐빅
In,산업,A022220,TKG애강
In,산업,A023160,태광
In,산업,A023350,한국종합기술
In,산업,A023960,에쓰씨엔지니어링
In,산업,A024800,유성티엔에스
In,산업,A024810,이화전기
In,산업,A024880,케이피에프
In,산업,A025540,한국단자
In,산업,A025950,동신건설
In,산업,A026150,특수건설
In,산업,A027040,서울전자통신
In,산업,A027410,BGF
In,산업,A028050,삼성E&A
In,산업,A028100,동아지질
In,산업,A028260,삼성물산
In,산업,A028670,팬오션
In,산업,A029960,코엔텍
In,산업,A030190,NICE평가정보
In,산업,A030960,양지사
In,산업,A032280,삼일
In,산업,A032790,엠젠솔루션
In,산업,A033100,제룡전기
In,산업,A033200,모아텍
In,산업,A033540,파라텍
In,산업,A034020,두산에너빌리티
In,산업,A034300,신세계건설
In,산업,A034730,SK
In,산업,A035200,프럼파스트
In,산업,A035890,서희건설
In,산업,A036190,금화피에스시
In,산업,A036560,KZ정밀
In,산업,A036890,진성티이씨
In,산업,A037350,성도이엔지
In,산업,A037400,우리엔터프라이즈
In,산업,A037440,희림
In,산업,A038390,레드캡투어
In,산업,A039020,이건홀딩스
In,산업,A039610,화성밸브
In,산업,A040610,SG&G
In,산업,A041440,현대에버다임
In,산업,A041460,한국전자인증
In,산업,A042370,비츠로테크
In,산업,A042660,한화오션
In,산업,A042670,HD현대인프라코어
In,산업,A042940,상지건설
In,산업,A043200,파루
In,산업,A043220,티에스넥스젠
In,산업,A043340,에쎈테크
In,산업,A043910,자연과환경
In,산업,A044060,조광ILI
In,산업,A044450,KSS해운
In,산업,A044490,태웅
In,산업,A045100,한양이엔지
In,산업,A045520,크린앤사이언스
In,산업,A046120,오르비텍
In,산업,A046940,우원개발
In,산업,A047040,대우건설
In,산업,A047050,포스코인터내셔널
In,산업,A047810,한국항공우주
In,산업,A048770,TPC
In,산업,A049430,코메론
In,산업,A049720,고려신용정보
In,산업,A049800,우진플라임
In,산업,A050860,아세아텍
In,산업,A051490,나라엠앤디
In,산업,A051600,한전KPS
In,산업,A052300,오션인더블유
In,산업,A052600,한네트
In,산업,A052690,한전기술
In,산업,A053080,케이엔솔
In,산업,A053160,프리엠스
In,산업,A053690,한미글로벌
In,산업,A054180,메디콕스
In,산업,A054210,이랜텍
In,산업,A054300,팬스타엔터프라이즈
In,산업,A054410,케이피티유
In,산업,A054540,삼영엠텍
In,산업,A054930,유신
In,산업,A054940,엑사이엔씨
In,산업,A054950,제이브이엠
In,산업,A056190,에스에프에이
In,산업,A058610,에스피지
In,산업,A058850,KTcs
In,산업,A058860,KTis
In,산업,A059270,해성에어로보틱스
In,산업,A060150,인선이엔티
In,산업,A060260,뉴보텍
In,산업,A060370,LS마린솔루션
In,산업,A061040,알에프텍
In,산업,A062040,산일전기
In,산업,A063440,SM Life Design
In,산업,A063570,NICE인프라
In,산업,A064350,현대로템
In,산업,A064820,케이프
In,산업,A065350,신성델타테크
In,산업,A065450,빅텍
In,산업,A065710,서호전기
In,산업,A067170,오텍
In,산업,A067390,아스트
In,산업,A067730,로지시스
In,산업,A067900,와이엔텍
In,산업,A068240,다원시스
In,산업,A068330,일신바이오
In,산업,A069140,누리플랜
In,산업,A069730,DSR제강
In,산업,A071670,에이테크솔루션
In,산업,A071950,코아스
In,산업,A071970,HD현대마린엔진
In,산업,A072520,제넨바이오
In,산업,A072990,에이치시티
In,산업,A073010,케이에스피
In,산업,A073190,듀오백
In,산업,A073640,테라사이언스
In,산업,A074610,이엔플러스
In,산업,A075580,세진중공업
In,산업,A076080,웰크론한텍
In,산업,A077970,STX엔진
In,산업,A078930,GS
In,산업,A079000,와토스코리아
In,산업,A079550,LIG넥스원
In,산업,A079900,전진건설로봇
In,산업,A079960,동양이엔피
In,산업,A082740,한화엔진
In,산업,A082920,비츠로셀
In,산업,A083650,비에이치아이
In,산업,A084180,수성웹툰
In,산업,A084670,동양고속
In,산업,A085310,엔케이
In,산업,A085910,네오티스
In,산업,A086280,현대글로비스
In,산업,A086670,비엠티
In,산업,A089140,넥스턴바이오
In,산업,A089590,제주항공
In,산업,A089860,롯데렌탈
In,산업,A090710,휴림로봇
In,산업,A091090,세원이앤씨
In,산업,A091580,상신이디피
In,산업,A091590,남화토건
In,산업,A091810,티웨이항공
In,산업,A092130,이크레더블
In,산업,A092440,기신정기
In,산업,A094280,효성ITX
In,산업,A094820,일진파워
In,산업,A095190,이엠코리아
In,산업,A095570,AJ네트웍스
In,산업,A096350,대창솔루션
In,산업,A097230,HJ중공업
In,산업,A099220,SDN
In,산업,A099320,쎄트렉아이
In,산업,A099410,동방선기
In,산업,A099440,스맥
In,산업,A100090,SK오션플랜트
In,산업,A100130,동국S&C
In,산업,A100660,서암기계공업
In,산업,A100840,SNT에너지
In,산업,A101000,KS인더스트리
In,산업,A101170,우림피티에스
In,산업,A101670,하이드로리튬
In,산업,A101680,한국정밀기계
In,산업,A101930,인화정공
In,산업,A103230,에스앤더블류
In,산업,A103590,일진전기
In,산업,A104460,디와이피엔에프
In,산업,A105740,디케이락
In,산업,A105760,포스뱅크
In,산업,A106240,파인테크닉스
In,산업,A108380,대양전기공업
In,산업,A108670,LX하우시스
In,산업,A109610,에스와이
In,산업,A112610,씨에스윈드
In,산업,A114190,강원에너지
In,산업,A115530,씨엔플러스
In,산업,A117730,티로보틱스
In,산업,A119500,포메탈
In,산업,A119650,KC코트렐
In,산업,A119850,지엔씨에너지
In,산업,A122900,아이마켓코리아
In,산업,A123840,뉴온
In,산업,A124560,태웅로직스
In,산업,A125020,티씨머티리얼즈
In,산업,A125210,아모그린텍
In,산업,A126720,수산인더스트리
In,산업,A126880,제이엔케이글로벌
In,산업,A129260,인터지스
In,산업,A129920,대성하이텍
In,산업,A130580,나이스디앤비
In,산업,A134790,시디즈
In,산업,A137080,나래나노텍
In,산업,A137400,피엔티
In,산업,A140670,알에스오토메이션
In,산업,A143240,사람인
In,산업,A145210,다이나믹디자인
In,산업,A147830,제룡산업
In,산업,A148930,에이치와이티씨
In,산업,A154040,다산솔루에타
In,산업,A160190,하이젠알앤엠
In,산업,A162300,신스틸
In,산업,A171120,라이온켐텍
In,산업,A180640,한진칼
In,산업,A187220,디티앤씨
In,산업,A189860,서전기전
In,산업,A195990,에이비프로바이오
In,산업,A199430,케이엔알시스템
In,산업,A199820,제일일렉트릭
In,산업,A204620,글로벌텍스프리
In,산업,A210540,디와이파워
In,산업,A215090,솔디펜스
In,산업,A217820,원익피앤이
In,산업,A221840,하이즈항공
In,산업,A222080,씨아이에스
In,산업,A226360,KH 건설
In,산업,A229640,LS에코에너지
In,산업,A230980,비유테크놀러지
In,산업,A241560,두산밥캣
In,산업,A243840,신흥에스이씨
In,산업,A247540,에코프로비엠
In,산업,A257370,피엔티엠에스
In,산업,A258610,케일럼
In,산업,A259630,엠플러스
In,산업,A262260,에이프로
In,산업,A263540,어스앤에어로스페이스
In,산업,A264850,이랜시스
In,산업,A267260,HD현대일렉트릭
In,산업,A267270,HD현대건설기계
In,산업,A267320,나인테크
In,산업,A270520,앱트뉴로사이언스
In,산업,A272210,한화시스템
In,산업,A272450,진에어
In,산업,A273640,와이엠텍
In,산업,A274090,켄코아에어로스페이스
In,산업,A277810,레인보우로보틱스
In,산업,A277880,티에스아이
In,산업,A282720,금양그린파워
In,산업,A282880,코윈테크
In,산업,A285490,노바텍
In,산업,A288620,에스퓨얼셀
In,산업,A289930,웨이비스
In,산업,A290670,대보마그네틱
In,산업,A290690,소룩스
In,산업,A294630,서남
In,산업,A294870,HDC현대산업개발
In,산업,A297090,씨에스베어링
In,산업,A298040,효성중공업
In,산업,A298690,에어부산
In,산업,A299030,하나기술
In,산업,A307180,아이엘
In,산업,A317830,에스피시스템스
In,산업,A317850,대모
In,산업,A319400,현대무벡스
In,산업,A323350,다원넥스뷰
In,산업,A329180,HD현대중공업
In,산업,A333430,일승
In,산업,A333620,엔시스
In,산업,A336060,웨이버스
In,산업,A336260,두산퓨얼셀
In,산업,A340930,유일에너테크
In,산업,A344820,KCC글라스
In,산업,A348340,뉴로메카
In,산업,A352700,씨앤투스
In,산업,A360070,탑머티리얼
In,산업,A361390,제노코
In,산업,A365330,에스와이스틸텍
In,산업,A365340,성일하이텍
In,산업,A372170,윤성에프앤씨
In,산업,A372910,한컴라이프케어
In,산업,A373220,LG에너지솔루션
In,산업,A375500,DL이앤씨
In,산업,A376980,원티드랩
In,산업,A377330,이지트로닉스
In,산업,A381620,제닉스
In,산업,A382480,지아이텍
In,산업,A382800,지앤비에스 에코
In,산업,A382840,원준
In,산업,A382900,범한퓨얼셀
In,산업,A383310,에코프로에이치엔
In,산업,A383800,LX홀딩스
In,산업,A388050,지투파워
In,산업,A388720,유일로보틱스
In,산업,A389500,에스비비테크
In,산업,A393890,더블유씨피
In,산업,A402340,SK스퀘어
In,산업,A403550,쏘카
In,산업,A413630,씨피시스템
In,산업,A415380,스튜디오삼익
In,산업,A418550,제이오
In,산업,A419080,엔젯
In,산업,A440320,오픈놀
In,산업,A443060,HD현대마린솔루션
In,산업,A448280,에코아이
In,산업,A448710,코츠테크놀로지
In,산업,A450080,에코프로머티
In,산업,A451760,컨텍
In,산업,A452280,한선엔지니어링
In,산업,A454910,두산로보틱스
In,산업,A459510,나우로보틱스
In,산업,A460930,현대힘스
In,산업,A462350,이노스페이스
In,산업,A465770,STX그린로지스
In,산업,A466100,클로봇
In,산업,A474170,루미르
In,산업,A474610,RF시스템즈
In,산업,A474650,링크솔루션
In,산업,A475400,씨메스
In,산업,A475430,키스트론
In,산업,A479960,위너스
In,산업,A480370,씨케이솔루션
In,산업,A484810,티엑스알로보틱스
In,산업,A484870,엠앤씨솔루션
In,산업,A487570,HS효성
In,산업,A489790,한화비전
In,산업,A950140,잉글우드랩
CD,임의소비재,A000040,KR모터스
CD,임의소비재,A000050,경방
CD,임의소비재,A000240,한국앤컴퍼니
CD,임의소비재,A000270,기아
CD,임의소비재,A000300,DH오토넥스
CD,임의소비재,A000430,대원강업
CD,임의소비재,A000680,LS네트웍스
CD,임의소비재,A000950,전방
CD,임의소비재,A001000,신라섬유
CD,임의소비재,A001070,대한방직
CD,임의소비재,A001380,SG글로벌
CD,임의소비재,A001420,태원물산
CD,임의소비재,A001460,BYC
CD,임의소비재,A001530,DI동일
CD,임의소비재,A001620,케이비아이동국실업
CD,임의소비재,A002070,비비안
CD,임의소비재,A002170,삼양통상
CD,임의소비재,A002350,넥센타이어
CD,임의소비재,A002450,삼익악기
CD,임의소비재,A002700,신일전자
CD,임의소비재,A002880,대유에이텍
CD,임의소비재,A002920,유성기업
CD,임의소비재,A003200,일신방직
CD,임의소비재,A003610,방림
CD,임의소비재,A003620,KG모빌리티
CD,임의소비재,A003800,에이스침대
CD,임의소비재,A003830,대한화섬
CD,임의소비재,A004060,SG세계물산
CD,임의소비재,A004100,태양금속
CD,임의소비재,A004170,신세계
CD,임의소비재,A004270,남성
CD,임의소비재,A004490,세방전지
CD,임의소비재,A004590,한국가구
CD,임의소비재,A004700,조광피혁
CD,임의소비재,A004840,DRB동일
CD,임의소비재,A005030,부산주공
CD,임의소비재,A005320,온타이드
CD,임의소비재,A005380,현대차
CD,임의소비재,A005390,신성통상
CD,임의소비재,A005710,대원산업
CD,임의소비재,A005720,넥센
CD,임의소비재,A005800,신영와코루
CD,임의소비재,A005850,에스엘
CD,임의소비재,A006060,화승인더
CD,임의소비재,A006370,대구백화점
CD,임의소비재,A006660,삼성공조
CD,임의소비재,A006730,서부T&D
CD,임의소비재,A007340,DN오토모티브
CD,임의소비재,A007680,대원
CD,임의소비재,A007700,F&F홀딩스
CD,임의소비재,A007720,소노스퀘어
CD,임의소비재,A007860,서연
CD,임의소비재,A007980,TP
CD,임의소비재,A008290,원풍물산
CD,임의소비재,A008370,원풍
CD,임의소비재,A008500,일정실업
CD,임의소비재,A008600,윌비스
CD,임의소비재,A008700,아남전자
CD,임의소비재,A008770,호텔신라
CD,임의소비재,A008830,대동기어
CD,임의소비재,A009140,경인전자
CD,임의소비재,A009240,한샘
CD,임의소비재,A009270,신원
CD,임의소비재,A009320,아진전자부품
CD,임의소비재,A009680,모토닉
CD,임의소비재,A009900,명신산업
CD,임의소비재,A009970,영원무역홀딩스
CD,임의소비재,A010100,한국무브넥스
CD,임의소비재,A010580,에스엠벡셀
CD,임의소비재,A010600,웰바이오텍
CD,임의소비재,A010690,화신
CD,임의소비재,A010770,평화홀딩스
CD,임의소비재,A011080,형지I&C
CD,임의소비재,A011090,에넥스
CD,임의소비재,A011210,현대위아
CD,임의소비재,A011300,성안머티리얼스
CD,임의소비재,A011320,유니크
CD,임의소비재,A011330,유니켐
CD,임의소비재,A012200,계양전기
CD,임의소비재,A012280,영화금속
CD,임의소비재,A012330,현대모비스
CD,임의소비재,A012860,모베이스전자
CD,임의소비재,A013310,아진산업
CD,임의소비재,A013520,화승코퍼레이션
CD,임의소비재,A013720,CBI
CD,임의소비재,A013870,지엠비코리아
CD,임의소비재,A013890,지누스
CD,임의소비재,A013990,아가방컴퍼니
CD,임의소비재,A014470,부방
CD,임의소비재,A014990,인디에프
CD,임의소비재,A015260,에이엔피
CD,임의소비재,A015750,성우하이텍
CD,임의소비재,A016090,대현
CD,임의소비재,A016450,한세예스24홀딩스
CD,임의소비재,A016740,두올
CD,임의소비재,A017250,인터엠
CD,임의소비재,A017370,우신시스템
CD,임의소비재,A018500,동원금속
CD,임의소비재,A018880,한온시스템
CD,임의소비재,A019010,베뉴지
CD,임의소비재,A019180,티에이치엔
CD,임의소비재,A019540,일지테크
CD,임의소비재,A019680,대교
CD,임의소비재,A019770,서연탑메탈
CD,임의소비재,A020000,한섬
CD,임의소비재,A020400,대동금속
CD,임의소비재,A021240,코웨이
CD,임의소비재,A021820,세원정공
CD,임의소비재,A023530,롯데쇼핑
CD,임의소비재,A023800,인지컨트롤스
CD,임의소비재,A023810,인팩
CD,임의소비재,A024120,KB오토시스
CD,임의소비재,A024740,한일단조
CD,임의소비재,A024830,세원물산
CD,임의소비재,A024840,KBI메탈
CD,임의소비재,A024900,디와이덕양
CD,임의소비재,A024910,경창산업
CD,임의소비재,A024940,PN풍년
CD,임의소비재,A024950,삼천리자전거
CD,임의소비재,A025440,DH오토웨어
CD,임의소비재,A025530,SJM홀딩스
CD,임의소비재,A025980,아난티
CD,임의소비재,A026040,제이에스티나
CD,임의소비재,A031430,신세계인터내셔날
CD,임의소비재,A031440,신세계푸드
CD,임의소비재,A031510,오스템
CD,임의소비재,A031860,디에이치엑스컴퍼니
CD,임의소비재,A032080,아즈텍WB
CD,임의소비재,A032350,롯데관광개발
CD,임의소비재,A032540,TJ미디어
CD,임의소비재,A032750,삼진
CD,임의소비재,A033250,체시스
CD,임의소비재,A033290,코웰패션
CD,임의소비재,A033340,좋은사람들
CD,임의소비재,A033530,SJG세종
CD,임의소비재,A034230,파라다이스
CD,임의소비재,A035080,그래디언트
CD,임의소비재,A035150,백산
CD,임의소비재,A035250,강원랜드
CD,임의소비재,A035290,골드앤에스
CD,임의소비재,A036030,케이티알파
CD,임의소비재,A036530,SNT홀딩스
CD,임의소비재,A036620,감성코퍼레이션
CD,임의소비재,A037070,파세코
CD,임의소비재,A037710,광주신세계
CD,임의소비재,A038110,에코플라스틱
CD,임의소비재,A039010,현대에이치티
CD,임의소비재,A039130,하나투어
CD,임의소비재,A039830,오로라
CD,임의소비재,A039980,폴라리스AI
CD,임의소비재,A040420,정상제이엘에스
CD,임의소비재,A041650,상신브레이크
CD,임의소비재,A041930,동아화성
CD,임의소비재,A043370,피에이치에이
CD,임의소비재,A044340,위닉스
CD,임의소비재,A046070,코다코
CD,임의소비재,A046310,백금T&A
CD,임의소비재,A047400,유니온머티리얼
CD,임의소비재,A047770,코데즈컴바인
CD,임의소비재,A048430,유라테크
CD,임의소비재,A050120,ES큐브
CD,임의소비재,A051630,진양화학
CD,임의소비재,A053060,세동
CD,임의소비재,A053270,구영테크
CD,임의소비재,A053280,예스24
CD,임의소비재,A053290,NE능률
CD,임의소비재,A053700,삼보모터스
CD,임의소비재,A056080,유진로봇
CD,임의소비재,A057030,YBM넷
CD,임의소비재,A057050,현대홈쇼핑
CD,임의소비재,A057880,푸른소나무
CD,임의소비재,A060240,스타코링크
CD,임의소비재,A060570,드림어스컴퍼니
CD,임의소비재,A060980,HL홀딩스
CD,임의소비재,A063170,서울옥션
CD,임의소비재,A064960,SNT모티브
CD,임의소비재,A065060,지엔코
CD,임의소비재,A065150,대산F&B
CD,임의소비재,A066130,하츠
CD,임의소비재,A066570,LG전자
CD,임의소비재,A066590,우수AMS
CD,임의소비재,A066620,국보디자인
CD,임의소비재,A066910,손오공
CD,임의소비재,A067280,멀티캠퍼스
CD,임의소비재,A067570,엔브이에이치코리아
CD,임의소비재,A067830,세이브존I&C
CD,임의소비재,A067990,도이치모터스
CD,임의소비재,A068930,디지털대성
CD,임의소비재,A069510,에스텍
CD,임의소비재,A069640,한세엠케이
CD,임의소비재,A069920,엑시온그룹
CD,임의소비재,A069960,현대백화점
CD,임의소비재,A070960,모나용평
CD,임의소비재,A071460,위니아
CD,임의소비재,A071840,롯데하이마트
CD,임의소비재,A071850,캐스텍코리아
CD,임의소비재,A072470,우리산업홀딩스
CD,임의소비재,A072870,메가스터디
CD,임의소비재,A073240,금호타이어
CD,임의소비재,A075180,새론오토모티브
CD,임의소비재,A078590,휴림에이텍
CD,임의소비재,A079430,현대리바트
CD,임의소비재,A079980,휴비스
CD,임의소비재,A080160,모두투어
CD,임의소비재,A080470,성창오토텍
CD,임의소비재,A081660,미스토홀딩스
CD,임의소비재,A084440,유비온
CD,임의소비재,A084680,이월드
CD,임의소비재,A084730,팅크웨어
CD,임의소비재,A084870,TBH글로벌
CD,임의소비재,A087260,모바일어플라이언스
CD,임의소비재,A088290,이원컴포텍
CD,임의소비재,A088790,진도
CD,임의소비재,A089470,HDC현대EP
CD,임의소비재,A090080,평화산업
CD,임의소비재,A090150,아이윈
CD,임의소비재,A090370,메타랩스
CD,임의소비재,A092200,디아이씨
CD,임의소비재,A092780,DYP
CD,임의소비재,A093050,LF
CD,임의소비재,A093240,형지엘리트
CD,임의소비재,A093380,풍강
CD,임의소비재,A094850,참좋은여행
CD,임의소비재,A096240,크레버스
CD,임의소비재,A098660,에스티오
CD,임의소비재,A100220,비상교육
CD,임의소비재,A101140,인바이오젠
CD,임의소비재,A101360,에코앤드림
CD,임의소비재,A102280,쌍방울
CD,임의소비재,A102370,케이옥션
CD,임의소비재,A104040,대성파인텍
CD,임의소비재,A104480,티케이케미칼
CD,임의소비재,A104620,노랑풍선
CD,임의소비재,A105550,엣지파운드리
CD,임의소비재,A105630,한세실업
CD,임의소비재,A107640,한중엔시에스
CD,임의소비재,A109670,씨싸이트
CD,임의소비재,A110790,크리스에프앤씨
CD,임의소비재,A111110,호전실업
CD,임의소비재,A111380,동인기연
CD,임의소비재,A111710,남화산업
CD,임의소비재,A111770,영원무역
CD,임의소비재,A113810,디젠스
CD,임의소비재,A114090,GKL
CD,임의소비재,A114840,아이패밀리에스씨
CD,임의소비재,A115390,락앤락
CD,임의소비재,A118990,모트렉스
CD,임의소비재,A121440,골프존홀딩스
CD,임의소비재,A122350,삼기
CD,임의소비재,A122690,서진오토모티브
CD,임의소비재,A123040,엠에스오토텍
CD,임의소비재,A123410,코리아에프티
CD,임의소비재,A123700,SJM
CD,임의소비재,A123750,알톤
CD,임의소비재,A126640,화신정공
CD,임의소비재,A128540,에코캡
CD,임의소비재,A128820,대성산업
CD,임의소비재,A130500,GH신소재
CD,임의소비재,A130740,티피씨글로벌
CD,임의소비재,A133750,메가엠디
CD,임의소비재,A143210,핸즈코퍼레이션
CD,임의소비재,A145170,노브랜드
CD,임의소비재,A146060,율촌
CD,임의소비재,A159580,제로투세븐
CD,임의소비재,A161390,한국타이어앤테크놀로지
CD,임의소비재,A163560,동일고무벨트
CD,임의소비재,A170030,현대공업
CD,임의소비재,A192080,더블유게임즈
CD,임의소비재,A192400,쿠쿠홀딩스
CD,임의소비재,A194370,제이에스코퍼레이션
CD,임의소비재,A198940,한주라이트메탈
CD,임의소비재,A200880,서연이화
CD,임의소비재,A201490,미투온
CD,임의소비재,A204020,그리티
CD,임의소비재,A204320,HL만도
CD,임의소비재,A212560,네오오토
CD,임의소비재,A214330,금호에이치티
CD,임의소비재,A215000,골프존
CD,임의소비재,A215100,로보로보
CD,임의소비재,A215200,메가스터디교육
CD,임의소비재,A215360,우리산업
CD,임의소비재,A215480,토박스코리아
CD,임의소비재,A217620,선샤인푸드
CD,임의소비재,A219550,디와이디
CD,임의소비재,A225190,LK삼양
CD,임의소비재,A225590,패션플랫폼
CD,임의소비재,A227100,퀀텀온
CD,임의소비재,A234100,폴라리스세원
CD,임의소비재,A234920,자이글
CD,임의소비재,A241590,화승엔터프라이즈
CD,임의소비재,A241690,유니테크노
CD,임의소비재,A256150,한독크린텍
CD,임의소비재,A257720,실리콘투
CD,임의소비재,A263020,디케이앤디
CD,임의소비재,A265560,영화테크
CD,임의소비재,A267790,배럴
CD,임의소비재,A270660,에브리봇
CD,임의소비재,A271940,일진하이솔루스
CD,임의소비재,A284740,쿠쿠홈시스
CD,임의소비재,A289010,아이스크림에듀
CD,임의소비재,A290120,DH오토리드
CD,임의소비재,A298540,더네이쳐홀딩스
CD,임의소비재,A306040,에스제이그룹
CD,임의소비재,A308100,형지글로벌
CD,임의소비재,A308170,씨티알모빌리티
CD,임의소비재,A309930,오하임앤컴퍼니
CD,임의소비재,A310870,디와이씨
CD,임의소비재,A312610,에이에프더블류
CD,임의소비재,A318160,셀바이오휴먼텍
CD,임의소비재,A323230,엠에프엠코리아
CD,임의소비재,A335870,윙스풋
CD,임의소비재,A336680,탑런토탈솔루션
CD,임의소비재,A337930,젝시믹스
CD,임의소비재,A339770,교촌에프앤비
CD,임의소비재,A339950,아이비김영
CD,임의소비재,A352090,스톰테크
CD,임의소비재,A353590,오토앤
CD,임의소비재,A354320,알멕
CD,임의소비재,A362320,청담글로벌
CD,임의소비재,A366030,공구우먼
CD,임의소비재,A369370,블리츠웨이엔터테인먼트
CD,임의소비재,A373160,데이원컴퍼니
CD,임의소비재,A373200,엑스플러스
CD,임의소비재,A376180,피코그램
CD,임의소비재,A377460,위니아에이드
CD,임의소비재,A378850,화승알앤에이
CD,임의소비재,A381970,케이카
CD,임의소비재,A383220,F&F
CD,임의소비재,A405920,나라셀라
CD,임의소비재,A406820,뷰티스킨
CD,임의소비재,A407400,꿈비
CD,임의소비재,A419050,삼기에너지솔루션즈
CD,임의소비재,A420570,제이투케이바이오
CD,임의소비재,A424960,스마트레이더시스템
CD,임의소비재,A437730,삼현
CD,임의소비재,A448900,한국피아이엠
CD,임의소비재,A450140,코오롱모빌리티그룹
CD,임의소비재,A451250,삐아
CD,임의소비재,A452260,한화갤러리아
CD,임의소비재,A453860,에이에스텍
CD,임의소비재,A457600,벡트
CD,임의소비재,A461300,아이스크림미디어
CD,임의소비재,A463480,모티브링크
CD,임의소비재,A472850,폰드그룹
CD,임의소비재,A475460,미트박스
CD,임의소비재,A475560,더본코리아
CD,임의소비재,A475580,에이럭스
CD,임의소비재,A478560,블랙야크아이앤씨
CD,임의소비재,A481070,에이유브랜즈
CD,임의소비재,A489460,바이오비쥬
CD,임의소비재,A499790,GS피앤엘
CD,임의소비재,A950170,JTC
CS,필수소비재,A000070,삼양홀딩스
CS,필수소비재,A000080,하이트진로
CS,필수소비재,A000140,하이트진로홀딩스
CS,필수소비재,A000890,보해양조
CS,필수소비재,A001130,대한제분
CS,필수소비재,A001680,대상
CS,필수소비재,A001790,대한제당
CS,필수소비재,A001800,오리온홀딩스
CS,필수소비재,A002140,고려산업
CS,필수소비재,A002600,조흥
CS,필수소비재,A002680,한탑
CS,필수소비재,A002790,아모레퍼시픽홀딩스
CS,필수소비재,A003230,삼양식품
CS,필수소비재,A003310,대주산업
CS,필수소비재,A003350,한국화장품제조
CS,필수소비재,A003380,하림지주
CS,필수소비재,A003680,한성기업
CS,필수소비재,A003920,남양유업
CS,필수소비재,A003960,사조대림
CS,필수소비재,A004370,농심
CS,필수소비재,A004410,서울식품
CS,필수소비재,A004540,깨끗한나라
CS,필수소비재,A004970,신라교역
CS,필수소비재,A005180,빙그레
CS,필수소비재,A005300,롯데칠성
CS,필수소비재,A005610,SPC삼립
CS,필수소비재,A005670,푸드웰
CS,필수소비재,A005740,크라운해태홀딩스
CS,필수소비재,A005860,한일사료
CS,필수소비재,A005990,매일홀딩스
CS,필수소비재,A006040,동원산업
CS,필수소비재,A006090,사조오양
CS,필수소비재,A006880,신송홀딩스
CS,필수소비재,A006980,우성
CS,필수소비재,A007070,GS리테일
CS,필수소비재,A007160,사조산업
CS,필수소비재,A007310,오뚜기
CS,필수소비재,A007540,샘표
CS,필수소비재,A008040,사조동아원
CS,필수소비재,A011150,CJ씨푸드
CS,필수소비재,A012690,모나리자
CS,필수소비재,A014100,메디앙스
CS,필수소비재,A014710,사조씨푸드
CS,필수소비재,A016100,리더스코스메틱
CS,필수소비재,A016790,현대사료
CS,필수소비재,A017810,풀무원
CS,필수소비재,A018120,진로발효
CS,필수소비재,A018250,애경산업
CS,필수소비재,A023150,MH에탄올
CS,필수소비재,A023900,풍국주정
CS,필수소비재,A024720,콜마홀딩스
CS,필수소비재,A025620,제이준코스메틱
CS,필수소비재,A025870,신라에스지
CS,필수소비재,A025880,케이씨피드
CS,필수소비재,A026960,동서
CS,필수소비재,A027050,코리아나
CS,필수소비재,A027710,팜스토리
CS,필수소비재,A027740,마니커
CS,필수소비재,A030720,동원수산
CS,필수소비재,A033780,KT&G
CS,필수소비재,A033920,무학
CS,필수소비재,A035810,이지홀딩스
CS,필수소비재,A036580,팜스코
CS,필수소비재,A043650,국순당
CS,필수소비재,A044480,빌리언스
CS,필수소비재,A044820,코스맥스비티아이
CS,필수소비재,A048410,현대바이오
CS,필수소비재,A049770,동원F&B
CS,필수소비재,A051500,CJ프레시웨이
CS,필수소비재,A051900,LG생활건강
CS,필수소비재,A052260,현대바이오랜드
CS,필수소비재,A054050,농우바이오
CS,필수소비재,A060280,큐렉소
CS,필수소비재,A065170,비엘팜텍
CS,필수소비재,A065950,웰크론
CS,필수소비재,A066360,체리부로
CS,필수소비재,A072710,농심홀딩스
CS,필수소비재,A073560,우리손에프앤지
CS,필수소비재,A078520,에이블씨엔씨
CS,필수소비재,A083660,CSA 코스믹
CS,필수소비재,A084690,대상홀딩스
CS,필수소비재,A088910,동우팜투테이블
CS,필수소비재,A090430,아모레퍼시픽
CS,필수소비재,A092730,네오팜
CS,필수소비재,A097950,CJ제일제당
CS,필수소비재,A101530,해태제과식품
CS,필수소비재,A103840,우양
CS,필수소비재,A123330,제닉
CS,필수소비재,A123690,한국화장품
CS,필수소비재,A136480,하림
CS,필수소비재,A136490,선진
CS,필수소비재,A139480,이마트
CS,필수소비재,A145990,삼양사
CS,필수소비재,A154030,아시아종묘
CS,필수소비재,A161890,한국콜마
CS,필수소비재,A175250,아이큐어
CS,필수소비재,A188040,바이오포트
CS,필수소비재,A189980,흥국에프엔비
CS,필수소비재,A192820,코스맥스
CS,필수소비재,A194700,노바렉스
CS,필수소비재,A195500,마니커에프앤지
CS,필수소비재,A200130,콜마비앤에이치
CS,필수소비재,A208140,정다운
CS,필수소비재,A214260,라파스
CS,필수소비재,A214420,토니모리
CS,필수소비재,A217480,에스디생명공학
CS,필수소비재,A218150,미래생명자원
CS,필수소비재,A222040,코스맥스엔비티
CS,필수소비재,A222980,한국맥널티
CS,필수소비재,A225430,케이엠제약
CS,필수소비재,A226320,잇츠한불
CS,필수소비재,A226340,본느
CS,필수소비재,A227610,아우딘퓨쳐스
CS,필수소비재,A227840,현대코퍼레이션홀딩스
CS,필수소비재,A234690,녹십자웰빙
CS,필수소비재,A237880,클리오
CS,필수소비재,A238200,비피도
CS,필수소비재,A239610,에이치엘사이언스
CS,필수소비재,A241710,코스메카코리아
CS,필수소비재,A248170,샘표식품
CS,필수소비재,A250000,보라티알
CS,필수소비재,A252500,세화피앤씨
CS,필수소비재,A260930,씨티케이
CS,필수소비재,A263920,휴엠앤씨
CS,필수소비재,A264900,크라운제과
CS,필수소비재,A267980,매일유업
CS,필수소비재,A270870,뉴트리
CS,필수소비재,A271560,오리온
CS,필수소비재,A276730,한울앤제주
CS,필수소비재,A277410,인산가
CS,필수소비재,A280360,롯데웰푸드
CS,필수소비재,A282330,BGF리테일
CS,필수소비재,A290720,푸드나무
CS,필수소비재,A311390,네오크레마
CS,필수소비재,A317240,TS트릴리온
CS,필수소비재,A318010,팜스빌
CS,필수소비재,A344860,이노진
CS,필수소비재,A352480,씨앤씨인터내셔널
CS,필수소비재,A353190,휴럼
CS,필수소비재,A353810,이지바이오
CS,필수소비재,A357230,에이치피오
CS,필수소비재,A368970,오에스피
CS,필수소비재,A377220,프롬바이오
CS,필수소비재,A403490,우듬지팜
CS,필수소비재,A435570,에르코스
CS,필수소비재,A439090,마녀공장
CS,필수소비재,A453340,현대그린푸드
CS,필수소비재,A483650,달바글로벌
He,헬스케어,A000020,동화약품
He,헬스케어,A000100,유한양행
He,헬스케어,A000220,유유제약
He,헬스케어,A000230,일동홀딩스
He,헬스케어,A000250,삼천당제약
He,헬스케어,A000520,삼일제약
He,헬스케어,A000640,동아쏘시오홀딩스
He,헬스케어,A001060,JW중외제약
He,헬스케어,A001360,삼성제약
He,헬스케어,A001540,안국약품
He,헬스케어,A001630,종근당홀딩스
He,헬스케어,A002210,동성제약
He,헬스케어,A002390,한독
He,헬스케어,A002620,제일파마홀딩스
He,헬스케어,A002630,오리엔트바이오
He,헬스케어,A002720,국제약품
He,헬스케어,A002800,신신제약
He,헬스케어,A003000,부광약품
He,헬스케어,A003060,에이프로젠바이오로직스
He,헬스케어,A003090,대웅
He,헬스케어,A003120,일성아이에스
He,헬스케어,A003220,대원제약
He,헬스케어,A003520,영진약품
He,헬스케어,A003850,보령
He,헬스케어,A004080,신흥
He,헬스케어,A004310,현대약품
He,헬스케어,A004720,팜젠사이언스
He,헬스케어,A005250,녹십자홀딩스
He,헬스케어,A005500,삼진제약
He,헬스케어,A005690,파미셀
He,헬스케어,A006280,녹십자
He,헬스케어,A006620,동구바이오제약
He,헬스케어,A007370,진양제약
He,헬스케어,A007390,네이처셀
He,헬스케어,A007570,일양약품
He,헬스케어,A008490,서흥
He,헬스케어,A008930,한미사이언스
He,헬스케어,A009290,광동제약
He,헬스케어,A009300,삼아제약
He,헬스케어,A009420,한올바이오파마
He,헬스케어,A011000,진원생명과학
He,헬스케어,A011040,경동제약
He,헬스케어,A012790,신일제약
He,헬스케어,A014570,고려제약
He,헬스케어,A016580,환인제약
He,헬스케어,A017180,명문제약
He,헬스케어,A018620,우진비앤지
He,헬스케어,A018680,서울제약
He,헬스케어,A019170,신풍제약
He,헬스케어,A023910,대한약품
He,헬스케어,A028300,HLB
He,헬스케어,A032300,한국파마
He,헬스케어,A032620,유비케어
He,헬스케어,A032850,비트컴퓨터
He,헬스케어,A032940,원익
He,헬스케어,A033270,유나이티드제약
He,헬스케어,A034940,조아제약
He,헬스케어,A035610,솔본
He,헬스케어,A036180,지더블유바이텍
He,헬스케어,A036220,오상헬스케어
He,헬스케어,A036480,대성미생물
He,헬스케어,A038070,서린바이오
He,헬스케어,A038290,마크로젠
He,헬스케어,A039200,오스코텍
He,헬스케어,A039840,디오
He,헬스케어,A039860,나노엔텍
He,헬스케어,A041830,인바디
He,헬스케어,A041910,폴라리스AI파마
He,헬스케어,A041920,메디아나
He,헬스케어,A041960,코미팜
He,헬스케어,A042520,한스바이오메드
He,헬스케어,A043090,더테크놀로지
He,헬스케어,A043100,알파녹스
He,헬스케어,A043150,바텍
He,헬스케어,A043710,서울리거
He,헬스케어,A044960,이글벳
He,헬스케어,A046210,HLB파나진
He,헬스케어,A047920,HLB제약
He,헬스케어,A048530,인트론바이오
He,헬스케어,A048870,시너지이노베이션
He,헬스케어,A049180,셀루메드
He,헬스케어,A049960,쎌바이오텍
He,헬스케어,A052670,제일바이오
He,헬스케어,A053030,바이넥스
He,헬스케어,A053950,경남제약
He,헬스케어,A054670,대한뉴팜
He,헬스케어,A056090,시지메드텍
He,헬스케어,A058110,멕아이씨에스
He,헬스케어,A058820,CMG제약
He,헬스케어,A059210,메타바이오메드
He,헬스케어,A060590,씨티씨바이오
He,헬스케어,A061250,화일약품
He,헬스케어,A063160,종근당바이오
He,헬스케어,A064550,바이오니아
He,헬스케어,A065510,휴비츠
He,헬스케어,A065660,안트로젠
He,헬스케어,A066700,테라젠이텍스
He,헬스케어,A067080,대화제약
He,헬스케어,A067290,JW신약
He,헬스케어,A067370,선바이오
He,헬스케어,A067630,HLB생명과학
He,헬스케어,A068270,셀트리온
He,헬스케어,A068760,셀트리온제약
He,헬스케어,A069620,대웅제약
He,헬스케어,A071200,인피니트헬스케어
He,헬스케어,A072020,중앙백신
He,헬스케어,A078160,메디포스트
He,헬스케어,A080720,한국유니온제약
He,헬스케어,A083550,케이엠
He,헬스케어,A083790,CG인바이츠
He,헬스케어,A084110,휴온스글로벌
He,헬스케어,A084650,랩지노믹스
He,헬스케어,A084990,헬릭스미스
He,헬스케어,A085660,차바이오텍
He,헬스케어,A086040,바이오톡스텍
He,헬스케어,A086060,진바이오텍
He,헬스케어,A086450,동국제약
He,헬스케어,A086820,바이오솔루션
He,헬스케어,A086890,이수앱지스
He,헬스케어,A086900,메디톡스
He,헬스케어,A087010,펩트론
He,헬스케어,A092040,아미코젠
He,헬스케어,A095700,제넥신
He,헬스케어,A096530,씨젠
He,헬스케어,A096760,JW홀딩스
He,헬스케어,A099190,아이센스
He,헬스케어,A099430,바이오플러스
He,헬스케어,A099750,이지케어텍
He,헬스케어,A100120,뷰웍스
He,헬스케어,A100700,세운메디칼
He,헬스케어,A102460,이연제약
He,헬스케어,A102940,코오롱생명과학
He,헬스케어,A104540,코렌텍
He,헬스케어,A106190,하이텍팜
He,헬스케어,A109820,진매트릭스
He,헬스케어,A109960,AP헬스케어
He,헬스케어,A114450,그린생명과학
He,헬스케어,A115180,큐리언트
He,헬스케어,A115450,HLB테라퓨틱스
He,헬스케어,A115480,씨유메디칼
He,헬스케어,A118000,메타케어
He,헬스케어,A119610,인터로조
He,헬스케어,A122310,제노레이
He,헬스케어,A127120,제이에스링크
He,헬스케어,A128940,한미약품
He,헬스케어,A131030,옵투스제약
He,헬스케어,A137310,에스디바이오센서
He,헬스케어,A138610,나이벡
He,헬스케어,A140410,메지온
He,헬스케어,A141080,리가켐바이오
He,헬스케어,A142280,녹십자엠에스
He,헬스케어,A142760,모아라이프플러스
He,헬스케어,A144510,지씨셀
He,헬스케어,A145020,휴젤
He,헬스케어,A145720,덴티움
He,헬스케어,A149980,하이로닉
He,헬스케어,A150840,인트로메딕
He,헬스케어,A153710,옵티팜
He,헬스케어,A156100,엘앤케이바이오
He,헬스케어,A166480,코아스템켐온
He,헬스케어,A168330,내츄럴엔도텍
He,헬스케어,A170900,동아에스티
He,헬스케어,A174900,앱클론
He,헬스케어,A176750,듀켐바이오
He,헬스케어,A179290,엠아이텍
He,헬스케어,A179530,애드바이오텍
He,헬스케어,A180400,DXVX
He,헬스케어,A182400,엔케이맥스
He,헬스케어,A183490,엔지켐생명과학
He,헬스케어,A185490,아이진
He,헬스케어,A185750,종근당
He,헬스케어,A187660,현대ADM
He,헬스케어,A188260,세니젠
He,헬스케어,A191420,테고사이언스
He,헬스케어,A195940,HK이노엔
He,헬스케어,A196170,알테오젠
He,헬스케어,A196300,HLB펩
He,헬스케어,A199550,레이저옵텍
He,헬스케어,A199730,바이오인프라
He,헬스케어,A199800,툴젠
He,헬스케어,A200670,휴메딕스
He,헬스케어,A200780,비씨월드제약
He,헬스케어,A203400,에이비온
He,헬스케어,A203690,아크솔루션스
He,헬스케어,A204840,지엘팜텍
He,헬스케어,A205470,휴마시스
He,헬스케어,A206640,바디텍메드
He,헬스케어,A206650,유바이오로직스
He,헬스케어,A207940,삼성바이오로직스
He,헬스케어,A208340,파멥신
He,헬스케어,A208370,셀바스헬스케어
He,헬스케어,A214150,클래시스
He,헬스케어,A214370,케어젠
He,헬스케어,A214390,경보제약
He,헬스케어,A214450,파마리서치
He,헬스케어,A214610,더바이오메드
He,헬스케어,A214680,디알텍
He,헬스케어,A215380,우정바이오
He,헬스케어,A215600,신라젠
He,헬스케어,A216080,제테마
He,헬스케어,A217330,싸이토젠
He,헬스케어,A217730,강스템바이오텍
He,헬스케어,A219750,한국비티비
He,헬스케어,A220100,퓨쳐켐
He,헬스케어,A221800,유투바이오
He,헬스케어,A222110,팬젠
He,헬스케어,A223250,드림씨아이에스
He,헬스케어,A225220,제놀루션
He,헬스케어,A226330,신테카바이오
He,헬스케어,A226400,오스테오닉
He,헬스케어,A226950,올릭스
He,헬스케어,A228670,레이
He,헬스케어,A228760,지노믹트리
He,헬스케어,A228850,레이언스
He,헬스케어,A229000,젠큐릭스
He,헬스케어,A234080,JW생명과학
He,헬스케어,A235980,메드팩토
He,헬스케어,A237690,에스티팜
He,헬스케어,A238120,얼라인드
He,헬스케어,A240550,동방메디컬
He,헬스케어,A241820,피씨엘
He,헬스케어,A243070,휴온스
He,헬스케어,A244460,올리패스
He,헬스케어,A245620,EDGC
He,헬스케어,A246250,에스엘에스바이오
He,헬스케어,A246710,티앤알바이오파이
He,헬스케어,A246720,아스타
He,헬스케어,A246960,SCL사이언스
He,헬스케어,A249420,일동제약
He,헬스케어,A251120,바이오에프디엔씨
He,헬스케어,A253840,수젠텍
He,헬스케어,A256840,한국비엔씨
He,헬스케어,A258830,세종메디칼
He,헬스케어,A260660,알리코제약
He,헬스케어,A261200,덴티스
He,헬스케어,A261780,차백신연구소
He,헬스케어,A263050,유틸렉스
He,헬스케어,A263690,디알젬
He,헬스케어,A263700,케어랩스
He,헬스케어,A268600,셀리버리
He,헬스케어,A271980,제일약품
He,헬스케어,A278470,에이피알
He,헬스케어,A278650,HLB바이오스텝
He,헬스케어,A284620,카이노스메드
He,헬스케어,A287410,제이시스메디칼
He,헬스케어,A287840,인투셀
He,헬스케어,A288330,브릿지바이오테라퓨틱스
He,헬스케어,A290650,엘앤씨바이오
He,헬스케어,A290660,네오펙트
He,헬스케어,A291650,압타머사이언스
He,헬스케어,A293480,하나제약
He,헬스케어,A293780,압타바이오
He,헬스케어,A294090,이오플로우
He,헬스케어,A298060,에스씨엠생명과학
He,헬스케어,A298380,에이비엘바이오
He,헬스케어,A299170,더블유에스아이
He,헬스케어,A299660,셀리드
He,헬스케어,A302440,SK바이오사이언스
He,헬스케어,A302550,리메드
He,헬스케어,A303360,프로티아
He,헬스케어,A303810,동국생명과학
He,헬스케어,A304360,에스바이오메딕스
He,헬스케어,A304840,피플바이오
He,헬스케어,A305090,마이크로디지탈
He,헬스케어,A307280,원바이오젠
He,헬스케어,A307750,국전약품
He,헬스케어,A308080,바이젠셀
He,헬스케어,A308430,셀비온
He,헬스케어,A310210,보로노이
He,헬스케어,A311690,CJ 바이오사이언스
He,헬스케어,A314130,지놈앤컴퍼니
He,헬스케어,A314140,알피바이오
He,헬스케어,A314930,바이오다인
He,헬스케어,A315640,딥노이드
He,헬스케어,A317690,퀀타매트릭스
He,헬스케어,A321550,티움바이오
He,헬스케어,A322510,제이엘케이
He,헬스케어,A323990,박셀바이오
He,헬스케어,A326030,SK바이오팜
He,헬스케어,A328130,루닛
He,헬스케어,A330350,위더스제약
He,헬스케어,A331920,셀레믹스
He,헬스케어,A334970,프레스티지바이오로직스
He,헬스케어,A335810,프리시젼바이오
He,헬스케어,A335890,비올
He,헬스케어,A336570,원텍
He,헬스케어,A338220,뷰노
He,헬스케어,A338840,와이바이오로직스
He,헬스케어,A340570,티앤엘
He,헬스케어,A347700,스피어
He,헬스케어,A347740,피엔케이피부임상연구센타
He,헬스케어,A347850,디앤디파마텍
He,헬스케어,A348080,큐라티스
He,헬스케어,A348150,고바이오랩
He,헬스케어,A352770,셀레스트라
He,헬스케어,A354200,엔젠바이오
He,헬스케어,A358570,지아이이노베이션
He,헬스케어,A359090,씨엔알리서치
He,헬스케어,A363250,진시스템
He,헬스케어,A365270,큐라클
He,헬스케어,A372320,큐로셀
He,헬스케어,A373110,엑셀세라퓨틱스
He,헬스케어,A376270,에이치이엠파마
He,헬스케어,A376900,로okit헬스케어
He,헬스케어,A376930,노을
He,헬스케어,A377740,바이오노트
He,헬스케어,A378800,샤페론
He,헬스케어,A382150,온코크로스
He,헬스케어,A383930,디티앤씨알오
He,헬스케어,A384470,코어라인소프트
He,헬스케어,A387570,파인메딕스
He,헬스케어,A388870,파로스아이바이오
He,헬스케어,A389030,지니너스
He,헬스케어,A389470,인벤티지랩
He,헬스케어,A389650,넥스트바이오메디컬
He,헬스케어,A394800,쓰리빌리언
He,헬스케어,A397030,에이프릴바이오
He,헬스케어,A398120,에스지헬스케어
He,헬스케어,A405000,플라즈맵
He,헬스케어,A419540,비스토스
He,헬스케어,A424870,이뮨온시아
He,헬스케어,A432980,엠에프씨
He,헬스케어,A439580,블루엠텍
He,헬스케어,A445680,큐리옥스바이오시스템즈
He,헬스케어,A450330,하스
He,헬스케어,A450950,아스테라시스
He,헬스케어,A455900,엔젤로보틱스
He,헬스케어,A456070,이엔셀
He,헬스케어,A458870,씨어스테크놀로지
He,헬스케어,A460470,아이빔테크놀로지
He,헬스케어,A460940,피앤에스미캐닉스
He,헬스케어,A461030,아이엠비디엑스
He,헬스케어,A462510,라메디텍
He,헬스케어,A464280,티디에스팜
He,헬스케어,A471820,셀로맥스사이언스
He,헬스케어,A475830,오름테라퓨틱
He,헬스케어,A475960,토모큐브
He,헬스케어,A476040,오가노이드사이언스
He,헬스케어,A476060,온코닉테라퓨틱스
He,헬스케어,A950130,엑세스바이오
He,헬스케어,A950160,코오롱티슈진
He,헬스케어,A950200,소마젠
He,헬스케어,A950210,프레스티지바이오파마
He,헬스케어,A950220,네오이뮨텍
Fi,금융,A000370,한화손해보험
Fi,금융,A000400,롯데손해보험
Fi,금융,A000540,흥국화재
Fi,금융,A000810,삼성화재
Fi,금융,A001200,유진투자증권
Fi,금융,A001270,부국증권
Fi,금융,A001290,상상인증권
Fi,금융,A001450,현대해상
Fi,금융,A001500,현대차증권
Fi,금융,A001510,SK증권
Fi,금융,A001720,신영증권
Fi,금융,A001750,한양증권
Fi,금융,A003460,유화증권
Fi,금융,A003470,유안타증권
Fi,금융,A003530,한화투자증권
Fi,금융,A003540,대신증권
Fi,금융,A003690,코리안리
Fi,금융,A005830,DB손해보험
Fi,금융,A005940,NH투자증권
Fi,금융,A006220,제주은행
Fi,금융,A006800,미래에셋증권
Fi,금융,A007330,푸른저축은행
Fi,금융,A012700,리드코프
Fi,금융,A016360,삼성증권
Fi,금융,A016600,큐캐피탈
Fi,금융,A016610,DB증권
Fi,금융,A019550,SBI인베스트먼트
Fi,금융,A019570,플루토스
Fi,금융,A019590,에스유앤피
Fi,금융,A019660,글로본
Fi,금융,A021080,에이티넘인베스트
Fi,금융,A021880,메이슨캐피탈
Fi,금융,A023460,CNH
Fi,금융,A023590,다우기술
Fi,금융,A023760,한국캐피탈
Fi,금융,A024110,기업은행
Fi,금융,A025770,한국정보통신
Fi,금융,A026890,스틱인베스트먼트
Fi,금융,A027360,아주IB투자
Fi,금융,A027830,대성창투
Fi,금융,A029780,삼성카드
Fi,금융,A030210,다올투자증권
Fi,금융,A030610,교보증권
Fi,금융,A031210,서울보증보험
Fi,금융,A032190,다우데이타
Fi,금융,A032830,삼성생명
Fi,금융,A034310,NICE
Fi,금융,A034950,한국기업평가
Fi,금융,A035600,KG이니시스
Fi,금융,A036120,서울평가정보
Fi,금융,A036800,나이스정보통신
Fi,금융,A038540,상상인
Fi,금융,A039490,키움증권
Fi,금융,A041190,우리기술투자
Fi,금융,A046440,KG모빌리언스
Fi,금융,A055550,신한지주
Fi,금융,A060250,NHN KCP
Fi,금융,A064260,다날
Fi,금융,A064850,에프앤가이드
Fi,금융,A071050,한국금융지주
Fi,금융,A078020,LS증권
Fi,금융,A082640,동양생명
Fi,금융,A085620,미래에셋생명
Fi,금융,A086790,하나금융지주
Fi,금융,A088350,한화생명
Fi,금융,A094480,갤럭시아머니트리
Fi,금융,A100790,미래에셋벤처투자
Fi,금융,A105560,KB금융
Fi,금융,A138040,메리츠금융지주
Fi,금융,A138930,BNK금융지주
Fi,금융,A139130,iM금융지주
Fi,금융,A175330,JB금융지주
Fi,금융,A190650,코리아에셋투자증권
Fi,금융,A211050,인카금융서비스
Fi,금융,A234340,헥토파이낸셜
Fi,금융,A241520,DSC인베스트먼트
Fi,금융,A244920,에이플러스에셋
Fi,금융,A246690,TS인베스트먼트
Fi,금융,A277070,린드먼아시아
Fi,금융,A289080,SV인베스트먼트
Fi,금융,A293580,나우IB
Fi,금융,A294570,쿠콘
Fi,금융,A307930,컴퍼니케이
Fi,금융,A309960,LB인베스트먼트
Fi,금융,A316140,우리금융지주
Fi,금융,A323410,카카오뱅크
Fi,금융,A330730,스톤브릿지벤처스
Fi,금융,A377300,카카오페이
Fi,금융,A440290,HB인베스트먼트
Fi,금융,A452300,캡스톤파트너스
IT,정보기술,A000660,SK하이닉스
IT,정보기술,A000990,DB하이텍
IT,정보기술,A001820,삼화콘덴서
IT,정보기술,A002230,피에스텍
IT,정보기술,A003160,디아이
IT,정보기술,A004710,한솔테크닉스
IT,정보기술,A004770,써니전자
IT,정보기술,A004920,씨아이테크
IT,정보기술,A005070,코스모신소재
IT,정보기술,A005110,한창
IT,정보기술,A005680,삼영전자
IT,정보기술,A005870,휴니드
IT,정보기술,A005930,삼성전자
IT,정보기술,A006140,피제이전자
IT,정보기술,A006200,한국전자홀딩스
IT,정보기술,A006400,삼성SDI
IT,정보기술,A007660,이수페타시스
IT,정보기술,A007810,코리아써키트
IT,정보기술,A008060,대덕
IT,정보기술,A008110,대동전자
IT,정보기술,A009150,삼성전기
IT,정보기술,A009310,참엔지니어링
IT,정보기술,A009470,삼화전기
IT,정보기술,A010170,대한광통신
IT,정보기술,A010280,아이티센엔텍
IT,정보기술,A011070,LG이노텍
IT,정보기술,A011230,삼화전자
IT,정보기술,A011930,신성이엔지
IT,정보기술,A012030,DB
IT,정보기술,A012340,뉴인텍
IT,정보기술,A012510,더존비즈온
IT,정보기술,A012600,청호ICT
IT,정보기술,A015710,코콤
IT,정보기술,A016670,디모아
IT,정보기술,A017900,광전자
IT,정보기술,A018260,삼성에스디에스
IT,정보기술,A019490,엑시큐어하이트론
IT,정보기술,A020120,키다리스튜디오
IT,정보기술,A020150,롯데에너지머티리얼즈
IT,정보기술,A020180,대신정보통신
IT,정보기술,A020760,일진디스플
IT,정보기술,A022100,포스코DX
IT,정보기술,A024850,HLB이노베이션
IT,정보기술,A025320,시노펙스
IT,정보기술,A025560,미래산업
IT,정보기술,A028080,휴맥스홀딩스
IT,정보기술,A029460,케이씨
IT,정보기술,A029480,광무
IT,정보기술,A029530,신도리코
IT,정보기술,A030520,한글과컴퓨터
IT,정보기술,A030530,원익홀딩스
IT,정보기술,A031310,아이즈비전
IT,정보기술,A031330,에스에이엠티
IT,정보기술,A031820,아이티센씨티에스
IT,정보기술,A031980,피에스케이홀딩스
IT,정보기술,A032500,케이엠더블유
IT,정보기술,A032580,피델릭스
IT,정보기술,A032680,소프트센
IT,정보기술,A032820,우리기술
IT,정보기술,A032960,동일기연
IT,정보기술,A033050,제이엠아이
IT,정보기술,A033160,엠케이전자
IT,정보기술,A033170,시그네틱스
IT,정보기술,A033180,KH 필룩스
IT,정보기술,A033230,인성정보
IT,정보기술,A033240,자화전자
IT,정보기술,A033320,제이씨현시스템
IT,정보기술,A033560,블루콤
IT,정보기술,A033640,네패스
IT,정보기술,A033790,피노
IT,정보기술,A034220,LG디스플레이
IT,정보기술,A035460,기산텔레콤
IT,정보기술,A035510,신세계 I&C
IT,정보기술,A036010,아비코전자
IT,정보기술,A036090,위지트
IT,정보기술,A036170,에이치엠넥스
IT,정보기술,A036200,유니셈
IT,정보기술,A036540,SFA반도체
IT,정보기술,A036690,코맥스
IT,정보기술,A036710,심텍홀딩스
IT,정보기술,A036810,에프에스티
IT,정보기술,A036930,주성엔지니어링
IT,정보기술,A037030,파워넷
IT,정보기술,A037330,인지디스플레
IT,정보기술,A037460,삼지전자
IT,정보기술,A037950,엘컴텍
IT,정보기술,A038060,루멘스
IT,정보기술,A038340,MIT
IT,정보기술,A038460,바이오스마트
IT,정보기술,A038530,케이바이오
IT,정보기술,A038620,위즈코프
IT,정보기술,A038680,에스넷
IT,정보기술,A038880,아이에이
IT,정보기술,A038950,파인디지털
IT,정보기술,A039030,이오테크닉스
IT,정보기술,A039290,인포뱅크
IT,정보기술,A039310,세중
IT,정보기술,A039420,케이엘넷
IT,정보기술,A039440,에스티아이
IT,정보기술,A039560,다산네트웍스
IT,정보기술,A039570,HDC랩스
IT,정보기술,A039740,한국정보공학
IT,정보기술,A040160,누리플렉스
IT,정보기술,A040350,크레오에스지
IT,정보기술,A040910,아이씨디
IT,정보기술,A041020,폴라리스오피스
IT,정보기술,A041520,이엘씨
IT,정보기술,A041590,플래스크
IT,정보기술,A042000,카페24
IT,정보기술,A042110,에스씨디
IT,정보기술,A042500,링네트
IT,정보기술,A042510,라온시큐어
IT,정보기술,A042600,새로닉스
IT,정보기술,A042700,한미반도체
IT,정보기술,A043260,성호전자
IT,정보기술,A043360,디지아이
IT,정보기술,A043590,웰킵스하이텍
IT,정보기술,A044380,주연테크
IT,정보기술,A044780,에이치케이
IT,정보기술,A044990,에이치엔에스하이텍
IT,정보기술,A045300,성우테크론
IT,정보기술,A045340,토탈소프트
IT,정보기술,A045390,대아티아이
IT,정보기술,A045510,정원엔시스
IT,정보기술,A045660,에이텍
IT,정보기술,A045970,코아시아
IT,정보기술,A046890,서울반도체
IT,정보기술,A046970,우리로
IT,정보기술,A047310,파워로직스
IT,정보기술,A047560,이스트소프트
IT,정보기술,A049070,인탑스
IT,정보기술,A049080,기가레인
IT,정보기술,A049120,파인디앤씨
IT,정보기술,A049470,SGA
IT,정보기술,A049480,오픈베이스
IT,정보기술,A049520,유아이엘
IT,정보기술,A049630,재영솔루텍
IT,정보기술,A049950,미래컴퍼니
IT,정보기술,A050090,비케이홀딩스
IT,정보기술,A050110,캠시스
IT,정보기술,A050890,쏠리드
IT,정보기술,A050960,수산아이앤티
IT,정보기술,A051160,지어소프트
IT,정보기술,A051360,토비스
IT,정보기술,A051370,인터플렉스
IT,정보기술,A051380,피씨디렉트
IT,정보기술,A051390,YW
IT,정보기술,A051980,중앙첨단소재
IT,정보기술,A052020,에스티큐브
IT,정보기술,A052330,코텍
IT,정보기술,A052400,코나아이
IT,정보기술,A052420,오성첨단소재
IT,정보기술,A052460,아이크래프트
IT,정보기술,A052710,아모텍
IT,정보기술,A052860,아이앤씨
IT,정보기술,A052900,KX하이텍
IT,정보기술,A053300,한국정보인증
IT,정보기술,A053350,이니텍
IT,정보기술,A053450,세코닉스
IT,정보기술,A053580,웹케시
IT,정보기술,A053610,프로텍
IT,정보기술,A053800,안랩
IT,정보기술,A053980,오상자이엘
IT,정보기술,A054040,한국컴퓨터
IT,정보기술,A054090,삼진엘앤디
IT,정보기술,A054220,비츠로시스
IT,정보기술,A054450,텔레칩스
IT,정보기술,A054620,APS
IT,정보기술,A054630,에이디칩스
IT,정보기술,A054800,아이디스홀딩스
IT,정보기술,A054920,한컴위드
IT,정보기술,A056360,코위버
IT,정보기술,A056730,CNT85
IT,정보기술,A057540,옴니시스템
IT,정보기술,A057680,티사이언티픽
IT,정보기술,A058470,리노공업
IT,정보기술,A058970,엠로
IT,정보기술,A059090,미코
IT,정보기술,A059100,아이컴포넌트
IT,정보기술,A059120,아진엑스텍
IT,정보기술,A060310,3S
IT,정보기술,A060540,에스에이티
IT,정보기술,A060720,KH바텍
IT,정보기술,A060850,영림원소프트랩
IT,정보기술,A061970,LB세미콘
IT,정보기술,A062860,티엘아이
IT,정보기술,A062970,한국첨단소재
IT,정보기술,A063760,이엘피
IT,정보기술,A064090,인크레더블버즈
IT,정보기술,A064240,홈캐스트
IT,정보기술,A064290,인텍플러스
IT,정보기술,A064400,LG씨엔에스
IT,정보기술,A064480,브리지텍
IT,정보기술,A064520,테크엘
IT,정보기술,A064760,티씨케이
IT,정보기술,A064800,포니링크
IT,정보기술,A065130,탑엔지니어링
IT,정보기술,A065370,위세아이텍
IT,정보기술,A065440,이루온
IT,정보기술,A065570,삼영이엔씨
IT,정보기술,A065650,하이퍼코퍼레이션
IT,정보기술,A065680,우주일렉트로
IT,정보기술,A065690,파커스
IT,정보기술,A065770,CS
IT,정보기술,A066310,큐에스아이
IT,정보기술,A066670,디티씨
IT,정보기술,A066900,디에이피
IT,정보기술,A066970,엘앤에프
IT,정보기술,A066980,한성크린텍
IT,정보기술,A067310,하나마이크론
IT,정보기술,A067770,세진티에스
IT,정보기술,A067920,이글루
IT,정보기술,A068100,케이웨더
IT,정보기술,A068790,DMS
IT,정보기술,A068940,셀피글로벌
IT,정보기술,A069330,유아이디
IT,정보기술,A069410,엔텔스
IT,정보기술,A069540,빛과전자
IT,정보기술,A070300,엑스큐어
IT,정보기술,A070590,한솔인티큐브
IT,정보기술,A071280,로체시스템즈
IT,정보기술,A072130,유엔젤
IT,정보기술,A072770,율호
IT,정보기술,A072950,빛샘전자
IT,정보기술,A073110,엘엠에스
IT,정보기술,A073490,이노와이어리스
IT,정보기술,A073540,에프알텍
IT,정보기술,A073570,리튬포어스
IT,정보기술,A074600,원익QnC
IT,정보기술,A075130,플랜티넷
IT,정보기술,A076610,해성옵틱스
IT,정보기술,A077360,덕산하이메탈
IT,정보기술,A077500,유니퀘스트
IT,정보기술,A078000,텔코웨어
IT,정보기술,A078070,유비쿼스홀딩스
IT,정보기술,A078150,HB테크놀러지
IT,정보기술,A078350,한양디지텍
IT,정보기술,A078600,대주전자재료
IT,정보기술,A078890,가온그룹
IT,정보기술,A079190,케스피온
IT,정보기술,A079370,제우스
IT,정보기술,A079810,디이엔티
IT,정보기술,A079940,가비아
IT,정보기술,A079950,인베니아
IT,정보기술,A079970,투비소프트
IT,정보기술,A080000,에스엔유
IT,정보기술,A080220,제주반도체
IT,정보기술,A080420,모다이노칩
IT,정보기술,A080520,오디텍
IT,정보기술,A080530,코디
IT,정보기술,A080580,오킨스전자
IT,정보기술,A081180,쎄크
IT,정보기술,A081580,성우전자
IT,정보기술,A082210,옵트론텍
IT,정보기술,A082270,젬백스
IT,정보기술,A082660,코스나인
IT,정보기술,A082800,비보존 제약
IT,정보기술,A082850,우리바이오
IT,정보기술,A083310,엘오티베큠
IT,정보기술,A083450,GST
IT,정보기술,A083470,이엠앤아이
IT,정보기술,A083500,에프엔에스테크
IT,정보기술,A083640,인콘
IT,정보기술,A083930,아바코
IT,정보기술,A084370,유진테크
IT,정보기술,A084850,아이티엠반도체
IT,정보기술,A085670,뉴프렉스
IT,정보기술,A085810,알티캐스트
IT,정보기술,A086390,유니테스트
IT,정보기술,A086960,MDS테크
IT,정보기술,A087600,픽셀플러스
IT,정보기술,A088130,동아엘텍
IT,정보기술,A088280,쏘닉스
IT,정보기술,A088340,유라클
IT,정보기술,A088390,이녹스
IT,정보기술,A088800,에이스테크
IT,정보기술,A089010,켐트로닉스
IT,정보기술,A089030,테크윙
IT,정보기술,A089150,케이씨티
IT,정보기술,A089790,제이티
IT,정보기술,A089850,유비벨록스
IT,정보기술,A089890,코세스
IT,정보기술,A089970,브이엠
IT,정보기술,A089980,상아프론테크
IT,정보기술,A090360,로보스타
IT,정보기술,A090460,비에이치
IT,정보기술,A090470,제이스텍
IT,정보기술,A090850,현대이지웰
IT,정보기술,A091120,이엠텍
IT,정보기술,A091440,한울소재과학
IT,정보기술,A091700,파트론
IT,정보기술,A092190,서울바이오시스
IT,정보기술,A092220,KEC
IT,정보기술,A092300,현우산업
IT,정보기술,A092460,한라IMS
IT,정보기술,A092600,앤씨앤
IT,정보기술,A092870,엑시콘
IT,정보기술,A093190,빅솔론
IT,정보기술,A093230,이아이디
IT,정보기술,A093520,매커스
IT,정보기술,A093640,케이알엠
IT,정보기술,A093920,서원인텍
IT,정보기술,A094170,동운아나텍
IT,정보기술,A094360,칩스앤미디어
IT,정보기술,A094840,슈프리마에이치큐
IT,정보기술,A094860,네오리진
IT,정보기술,A094940,푸른기술
IT,정보기술,A094970,제이엠티
IT,정보기술,A095270,웨이브일렉트로
IT,정보기술,A095340,ISC
IT,정보기술,A095610,테스
IT,정보기술,A095910,에스에너지
IT,정보기술,A096040,이트론
IT,정보기술,A096250,와이즈넛
IT,정보기술,A096610,알에프세미
IT,정보기술,A096630,에스코넥
IT,정보기술,A096690,에이루트
IT,정보기술,A096870,엘디티
IT,정보기술,A097520,엠씨넥스
IT,정보기술,A097780,에코볼트
IT,정보기술,A097800,윈팩
IT,정보기술,A098120,마이크로컨텍솔
IT,정보기술,A098460,고영
IT,정보기술,A099390,브레인즈컴퍼니
IT,정보기술,A099520,DGI
IT,정보기술,A100030,인지소프트
IT,정보기술,A100590,머큐리
IT,정보기술,A101160,월덱스
IT,정보기술,A101330,모베이스
IT,정보기술,A101390,아이엠
IT,정보기술,A101400,엔시트론
IT,정보기술,A101490,에스앤에스텍
IT,정보기술,A102120,어보브반도체
IT,정보기술,A105840,우진
IT,정보기술,A106080,케이이엠텍
IT,정보기술,A106520,노블엠앤비
IT,정보기술,A108230,톱텍
IT,정보기술,A108320,LX세미콘
IT,정보기술,A108490,로보티즈
IT,정보기술,A108860,셀바스AI
IT,정보기술,A109080,옵티시스
IT,정보기술,A109740,디에스케이
IT,정보기술,A110990,디아이티
IT,정보기술,A111870,KH 미래물산
IT,정보기술,A114810,한솔아이원스
IT,정보기술,A115160,휴맥스
IT,정보기술,A115310,인포바인
IT,정보기술,A115440,우리넷
IT,정보기술,A115500,케이씨에스
IT,정보기술,A115610,이미지스
IT,정보기술,A117670,알파칩스
IT,정보기술,A119830,아이텍
IT,정보기술,A121800,비덴트
IT,정보기술,A121890,에스디시스템
IT,정보기술,A122640,예스티
IT,정보기술,A122990,와이솔
IT,정보기술,A123010,아이윈플러스
IT,정보기술,A123860,아나패스
IT,정보기술,A124500,아이티센글로벌
IT,정보기술,A126340,비나텍
IT,정보기술,A126700,하이비젼시스템
IT,정보기술,A126730,코칩
IT,정보기술,A127980,화인써키트
IT,정보기술,A129890,앱코
IT,정보기술,A131090,시큐브
IT,정보기술,A131180,딜리
IT,정보기술,A131220,대한과학
IT,정보기술,A131290,티에스이
IT,정보기술,A131370,알서포트
IT,정보기술,A131400,이브이첨단소재
IT,정보기술,A131760,파인텍
IT,정보기술,A131970,두산테스나
IT,정보기술,A134580,탑코미디어
IT,정보기술,A136540,윈스테크넷
IT,정보기술,A137940,넥스트아이
IT,정보기술,A138080,오이솔루션
IT,정보기술,A138580,비즈니스온
IT,정보기술,A139050,BF랩스
IT,정보기술,A139670,키네마스터
IT,정보기술,A140070,서플러스글로벌
IT,정보기술,A140430,카티스
IT,정보기술,A140860,파크시스템스
IT,정보기술,A141000,비아트론
IT,정보기술,A142210,유니트론텍
IT,정보기술,A143160,아이디스
IT,정보기술,A143540,영우디에스피
IT,정보기술,A144960,뉴파워프라즈마
IT,정보기술,A146320,비씨엔씨
IT,정보기술,A147760,피엠티
IT,정보기술,A148150,세경하이테크
IT,정보기술,A148250,알엔투테크놀로지
IT,정보기술,A148780,비큐AI
IT,정보기술,A149950,아바텍
IT,정보기술,A150900,파수
IT,정보기술,A151910,퓨처코어
IT,정보기술,A153460,네이블
IT,정보기술,A153490,우리이앤엘
IT,정보기술,A155650,와이엠씨
IT,정보기술,A158430,아톤
IT,정보기술,A159010,아스플로
IT,정보기술,A160600,이큐셀
IT,정보기술,A160980,싸이맥스
IT,정보기술,A161580,필옵틱스
IT,정보기술,A163730,핑거
IT,정보기술,A166090,하나머티리얼즈
IT,정보기술,A168360,펨트론
IT,정보기술,A170790,파이오링크
IT,정보기술,A171010,램테크놀러지
IT,정보기술,A171090,선익시스템
IT,정보기술,A172670,에이엘티
IT,정보기술,A173130,오파스넷
IT,정보기술,A174880,장원테크
IT,정보기술,A175140,휴먼테크놀로지
IT,정보기술,A177350,베셀
IT,정보기술,A177830,파버나인
IT,정보기술,A177900,쓰리에이로직스
IT,정보기술,A178320,서진시스템
IT,정보기술,A178780,일월지엠엘
IT,정보기술,A179900,유티아이
IT,정보기술,A183300,코미코
IT,정보기술,A184230,SGA솔루션즈
IT,정보기술,A187270,신화콘텍
IT,정보기술,A187870,디바이스
IT,정보기술,A189300,인텔리안테크
IT,정보기술,A189330,씨이랩
IT,정보기술,A189690,포시에스
IT,정보기술,A190510,나무가
IT,정보기술,A191410,육일씨엔에쓰
IT,정보기술,A192250,케이사인
IT,정보기술,A192410,오늘이엔엠
IT,정보기술,A192440,슈피겐코리아
IT,정보기술,A192650,드림텍
IT,정보기술,A193250,링크드
IT,정보기술,A195870,해성디에스
IT,정보기술,A196450,코아시아씨엠
IT,정보기술,A196490,디에이테크놀로지
IT,정보기술,A197140,디지캡
IT,정보기술,A198080,엔피디
IT,정보기술,A199480,뱅크웨어글로벌
IT,정보기술,A200230,텔콘RF제약
IT,정보기술,A200470,에이팩트
IT,정보기술,A200710,에이디테크놀로지
IT,정보기술,A203450,유니온바이오메트릭스
IT,정보기술,A203650,드림시큐리티
IT,정보기술,A204270,제이앤티씨
IT,정보기술,A205100,엑셈
IT,정보기술,A208350,지란지교시큐리티
IT,정보기술,A208640,썸에이지
IT,정보기술,A208710,포톤
IT,정보기술,A208860,엔지스테크널러지
IT,정보기술,A209640,와이제이링크
IT,정보기술,A211270,AP위성
IT,정보기술,A212710,아이에스티이
IT,정보기술,A213420,덕산네오룩스
IT,정보기술,A214180,헥토이노베이션
IT,정보기술,A214310,에스엘에너지
IT,정보기술,A214430,아이쓰리시스템
IT,정보기술,A214870,한울BnC
IT,정보기술,A215790,이노인스트루먼트
IT,정보기술,A217190,제너셈
IT,정보기술,A217500,러셀
IT,정보기술,A218410,RFHIC
IT,정보기술,A219130,타이거일렉
IT,정보기술,A219420,링크제니시스
IT,정보기술,A220180,핸디소프트
IT,정보기술,A222160,NPX
IT,정보기술,A222800,심텍
IT,정보기술,A222810,세토피아
IT,정보기술,A223310,딥마인드
IT,정보기술,A224060,더코디
IT,정보기술,A224110,에이텍모빌리티
IT,정보기술,A226440,한송네오텍
IT,정보기술,A226590,엠디바이스
IT,정보기술,A227950,엔투텍
IT,정보기술,A230240,에치에프알
IT,정보기술,A232140,와이씨
IT,정보기술,A232680,라온테크
IT,정보기술,A232830,아이티센피엔에스
IT,정보기술,A234300,에스트래픽
IT,정보기술,A236200,슈프리마
IT,정보기술,A237750,피앤씨테크
IT,정보기술,A238490,힘스
IT,정보기술,A239890,피엔에이치테크
IT,정보기술,A240600,유진테크놀로지
IT,정보기술,A240810,원익IPS
IT,정보기술,A241770,메카로
IT,정보기술,A241790,티이엠씨씨엔에스
IT,정보기술,A242040,나무기술
IT,정보기술,A248070,솔루엠
IT,정보기술,A250060,모비스
IT,정보기술,A251630,브이원텍
IT,정보기술,A252990,샘씨엔에스
IT,정보기술,A253590,네오셈
IT,정보기술,A254120,자비스
IT,정보기술,A254490,미래반도체
IT,정보기술,A255440,야스
IT,정보기술,A256630,포인트엔지니어링
IT,정보기술,A256940,킵스파마
IT,정보기술,A258790,소프트캠프
IT,정보기술,A262840,아이퀘스트
IT,정보기술,A263600,덕우전자
IT,정보기술,A263800,데이타솔루션
IT,정보기술,A263810,상신전자
IT,정보기술,A263860,지니언스
IT,정보기술,A264450,유비쿼스
IT,정보기술,A264660,씨앤지하이테크
IT,정보기술,A265520,AP시스템
IT,정보기술,A267850,아시아나IDT
IT,정보기술,A269620,시스웍
IT,정보기술,A271830,팸텍
IT,정보기술,A272110,케이엔제이
IT,정보기술,A272290,이녹스첨단소재
IT,정보기술,A274400,이노시뮬레이션
IT,정보기술,A275630,에스에스알
IT,정보기술,A279600,미디어젠
IT,정보기술,A281820,케이씨텍
IT,정보기술,A286940,롯데이노베이트
IT,정보기술,A288980,모아데이타
IT,정보기술,A290090,트윔
IT,정보기술,A290270,휴네시온
IT,정보기술,A290520,신도기연
IT,정보기술,A290550,디케이티
IT,정보기술,A290560,신시웨이
IT,정보기술,A290740,액트로
IT,정보기술,A291810,핀텔
IT,정보기술,A296640,이노룰스
IT,정보기술,A297570,알로이스
IT,정보기술,A297890,HB솔루션
IT,정보기술,A298830,슈어소프트테크
IT,정보기술,A300080,플리토
IT,정보기술,A300120,라온피플
IT,정보기술,A301300,바이브컴퍼니
IT,정보기술,A302430,이노메트리
IT,정보기술,A303030,지니틱스
IT,정보기술,A303530,이노뎁
IT,정보기술,A304100,솔트룩스
IT,정보기술,A306620,네온테크
IT,정보기술,A307870,비투엔
IT,정보기술,A307950,현대오토에버
IT,정보기술,A311320,지오엘리먼트
IT,정보기술,A313760,캐리
IT,정보기술,A317120,라닉스
IT,정보기술,A317330,덕산테코피아
IT,정보기술,A317770,엑스페릭스
IT,정보기술,A318020,포인트모바일
IT,정보기술,A319660,피에스케이
IT,정보기술,A320000,한울반도체
IT,정보기술,A321260,프로이천
IT,정보기술,A321370,센서뷰
IT,정보기술,A322000,HD현대에너지솔루션
IT,정보기술,A322180,LS티라유텍
IT,정보기술,A322310,오로스테크놀로지
IT,정보기술,A323280,태성
IT,정보기술,A327260,RF머트리얼즈
IT,정보기술,A328380,솔트웨어
IT,정보기술,A330860,네패스아크
IT,정보기술,A331380,포커스에이아이
IT,정보기술,A332370,아이디피
IT,정보기술,A332570,PS일렉트로닉스
IT,정보기술,A333050,모코엠시스
IT,정보기술,A336370,솔루스첨단소재
IT,정보기술,A340360,다보링크
IT,정보기술,A340810,시선AI
IT,정보기술,A347000,센코
IT,정보기술,A347770,핌스
IT,정보기술,A347860,알체라
IT,정보기술,A347890,엠투아이
IT,정보기술,A348210,넥스틴
IT,정보기술,A348350,위드텍
IT,정보기술,A351320,넥사다이내믹스
IT,정보기술,A351330,이삭엔지니어링
IT,정보기술,A352910,오비고
IT,정보기술,A353200,대덕전자
IT,정보기술,A355150,코스텍시스
IT,정보기술,A355390,크라우드웍스
IT,정보기술,A355690,에이텀
IT,정보기술,A356680,엑스게이트
IT,정보기술,A356860,티엘비
IT,정보기술,A356890,싸이버원
IT,정보기술,A357580,아모센스
IT,정보기술,A357880,SKAI
IT,정보기술,A360350,코셈
IT,정보기술,A361670,삼영에스앤씨
IT,정보기술,A364950,에이아이코리아
IT,정보기술,A365590,하이딥
IT,정보기술,A365900,브이씨
IT,정보기술,A367000,플래티어
IT,정보기술,A368600,아이씨에이치
IT,정보기술,A368770,파이버프로
IT,정보기술,A370090,퓨런티어
IT,정보기술,A371950,풍원정밀
IT,정보기술,A372800,아이티아이즈
IT,정보기술,A373170,엠아이큐브솔루션
IT,정보기술,A376190,LB루셈
IT,정보기술,A376290,씨유테크
IT,정보기술,A376300,디어유
IT,정보기술,A377030,비트맥스
IT,정보기술,A377480,마음AI
IT,정보기술,A378340,필에너지
IT,정보기술,A380540,옵티코어
IT,정보기술,A388790,라이콤
IT,정보기술,A389020,자람테크놀로지
IT,정보기술,A389680,유디엠텍
IT,정보기술,A391710,코닉오토메이션
IT,정보기술,A393210,토마토시스템
IT,정보기술,A393970,대진첨단소재
IT,정보기술,A394280,오픈엣지테크놀로지
IT,정보기술,A396270,넥스트칩
IT,정보기술,A396300,세아메카닉스
IT,정보기술,A396470,워트
IT,정보기술,A399720,가온칩스
IT,정보기술,A402030,코난테크놀로지
IT,정보기술,A402490,그린리소스
IT,정보기술,A403870,HPSP
IT,정보기술,A405100,큐알티
IT,정보기술,A411080,샌즈랩
IT,정보기술,A412350,레이저쎌
IT,정보기술,A412540,제일엠앤에스
IT,정보기술,A413390,엠오티
IT,정보기술,A413640,비아이매트릭스
IT,정보기술,A416180,신성에스티
IT,정보기술,A417200,LS머트리얼즈
IT,정보기술,A417500,제이아이테크
IT,정보기술,A417790,트루엔
IT,정보기술,A417840,저스템
IT,정보기술,A417860,오브젠
IT,정보기술,A417970,모델솔루션
IT,정보기술,A418250,시큐레터
IT,정보기술,A418420,라온텍
IT,정보기술,A418620,E8
IT,정보기술,A419120,산돌
IT,정보기술,A420770,기가비스
IT,정보기술,A424760,벨로크
IT,정보기술,A424980,마이크로투나노
IT,정보기술,A425040,티이엠씨
IT,정보기술,A425420,티에프이
IT,정보기술,A429270,시지트로닉스
IT,정보기술,A430690,한싹
IT,정보기술,A431190,케이쓰리아이
IT,정보기술,A432470,케이엔에스
IT,정보기술,A432720,퀄리타스반도체
IT,정보기술,A434480,모니터랩
IT,정보기술,A438700,버넥트
IT,정보기술,A440110,파두
IT,정보기술,A441270,파인엠텍
IT,정보기술,A443670,에스피소프트
IT,정보기술,A444530,심플랫폼
IT,정보기술,A445090,에이직랜드
IT,정보기술,A445180,퓨릿
IT,정보기술,A446540,메가터치
IT,정보기술,A450520,인스웨이브
IT,정보기술,A451220,아이엠티
IT,정보기술,A452160,제이엔비
IT,정보기술,A452190,한빛레이저
IT,정보기술,A452200,민테크
IT,정보기술,A452400,이닉스
IT,정보기술,A452430,사피엔반도체
IT,정보기술,A452450,피아이이
IT,정보기술,A456010,아이씨티케이
IT,정보기술,A457370,한켐
IT,정보기술,A458650,성우
IT,정보기술,A459100,위츠
IT,정보기술,A462860,더즌
IT,정보기술,A462980,아이지넷
IT,정보기술,A464080,에스오에스랩
IT,정보기술,A464500,아이언디바이스
IT,정보기술,A465480,인스피언
IT,정보기술,A466410,사이냅소프트
IT,정보기술,A469750,아이비젼웍스
IT,정보기술,A475660,에스켐
IT,정보기술,A482630,삼양엔씨켐
IT,정보기술,A489500,엘케이켐
IT,정보기술,A950110,SBI핀테크솔루션즈
Co,커뮤니케이션,A002420,세기상사
Co,커뮤니케이션,A003560,IHQ
Co,커뮤니케이션,A006490,인스코비
Co,커뮤니케이션,A010470,오리콤
Co,커뮤니케이션,A011420,갤럭시아에스엠
Co,커뮤니케이션,A012170,아센디오
Co,커뮤니케이션,A017670,SK텔레콤
Co,커뮤니케이션,A018700,바른손
Co,커뮤니케이션,A023770,플레이위드
Co,커뮤니케이션,A030000,제일기획
Co,커뮤니케이션,A030200,KT
Co,커뮤니케이션,A030350,드래곤플라이
Co,커뮤니케이션,A032640,LG유플러스
Co,커뮤니케이션,A032800,판타지오
Co,커뮤니케이션,A033130,디지틀조선
Co,커뮤니케이션,A033830,티비씨
Co,커뮤니케이션,A034120,SBS
Co,커뮤니케이션,A035000,HS애드
Co,커뮤니케이션,A035420,NAVER
Co,커뮤니케이션,A035620,바른손이앤에이
Co,커뮤니케이션,A035720,카카오
Co,커뮤니케이션,A035760,CJ ENM
Co,커뮤니케이션,A035900,JYP Ent.
Co,커뮤니케이션,A036000,예림당
Co,커뮤니케이션,A036420,콘텐트리중앙
Co,커뮤니케이션,A036570,엔씨소프트
Co,커뮤니케이션,A036630,세종텔레콤
Co,커뮤니케이션,A037270,YG PLUS
Co,커뮤니케이션,A037560,LG헬로비전
Co,커뮤니케이션,A039340,한국경제TV
Co,커뮤니케이션,A040300,YTN
Co,커뮤니케이션,A041510,에스엠
Co,커뮤니케이션,A042420,네오위즈홀딩스
Co,커뮤니케이션,A043610,KT지니뮤직
Co,커뮤니케이션,A046390,삼화네트웍스
Co,커뮤니케이션,A047080,한빛소프트
Co,커뮤니케이션,A047820,초록뱀미디어
Co,커뮤니케이션,A048550,SM C&C
Co,커뮤니케이션,A048910,대원미디어
Co,커뮤니케이션,A051780,큐로홀딩스
Co,커뮤니케이션,A052220,iMBC
Co,커뮤니케이션,A052770,아이톡시
Co,커뮤니케이션,A052790,액토즈소프트
Co,커뮤니케이션,A053210,스카이라이프
Co,커뮤니케이션,A054780,키이스트
Co,커뮤니케이션,A058400,KNN
Co,커뮤니케이션,A058630,엠게임
Co,커뮤니케이션,A063080,컴투스홀딩스
Co,커뮤니케이션,A065530,와이어블
Co,커뮤니케이션,A066410,버킷스튜디오
Co,커뮤니케이션,A066430,와이오엠
Co,커뮤니케이션,A066790,씨씨에스
Co,커뮤니케이션,A067000,조이시티
Co,커뮤니케이션,A067010,이씨에스
Co,커뮤니케이션,A067160,SOOP
Co,커뮤니케이션,A068050,팬엔터테인먼트
Co,커뮤니케이션,A068290,삼성출판사
Co,커뮤니케이션,A069080,웹젠
Co,커뮤니케이션,A078340,컴투스
Co,커뮤니케이션,A078860,엔에스이엔엠
Co,커뮤니케이션,A079160,CJ CGV
Co,커뮤니케이션,A080010,이상네트웍스
Co,커뮤니케이션,A086980,쇼박스
Co,커뮤니케이션,A089230,THE E&M
Co,커뮤니케이션,A089600,KT나스미디어
Co,커뮤니케이션,A093320,케이아이엔엑스
Co,커뮤니케이션,A095660,네오위즈
Co,커뮤니케이션,A095720,웅진씽크빅
Co,커뮤니케이션,A101730,위메이드맥스
Co,커뮤니케이션,A104200,NHN벅스
Co,커뮤니케이션,A112040,위메이드
Co,커뮤니케이션,A122450,KX
Co,커뮤니케이션,A122870,와이지엔터테인먼트
Co,커뮤니케이션,A123420,위메이드플레이
Co,커뮤니케이션,A123570,이엠넷
Co,커뮤니케이션,A127710,아시아경제
Co,커뮤니케이션,A134060,이퓨쳐
Co,커뮤니케이션,A160550,NEW
Co,커뮤니케이션,A169330,엠브레인
Co,커뮤니케이션,A173940,에프엔씨엔터
Co,커뮤니케이션,A181710,NHN
Co,커뮤니케이션,A182360,큐브엔터
Co,커뮤니케이션,A194480,데브시스터즈
Co,커뮤니케이션,A200350,아티스트스튜디오
Co,커뮤니케이션,A204610,티쓰리
Co,커뮤니케이션,A204630,스튜디오산타클로스
Co,커뮤니케이션,A205500,넥써쓰
Co,커뮤니케이션,A206400,베노티앤알
Co,커뮤니케이션,A206560,덱스터
Co,커뮤니케이션,A207760,미스터블루
Co,커뮤니케이션,A210120,캔버스엔
Co,커뮤니케이션,A214270,FSN
Co,커뮤니케이션,A214320,이노션
Co,커뮤니케이션,A216050,인크로스
Co,커뮤니케이션,A217270,넙튠
Co,커뮤니케이션,A225570,넥슨게임즈
Co,커뮤니케이션,A230360,에코마케팅
Co,커뮤니케이션,A236810,엔비티
Co,커뮤니케이션,A237820,플레이디
Co,커뮤니케이션,A239340,이스트에이드
Co,커뮤니케이션,A241840,에이스토리
Co,커뮤니케이션,A251270,넷마블
Co,커뮤니케이션,A253450,스튜디오드래곤
Co,커뮤니케이션,A259960,크래프톤
Co,커뮤니케이션,A263720,디앤씨미디어
Co,커뮤니케이션,A263750,펄어비스
Co,커뮤니케이션,A273060,와이즈버즈
Co,커뮤니케이션,A276040,스코넥
Co,커뮤니케이션,A289220,자이언트스텝
Co,커뮤니케이션,A291230,엔피
Co,커뮤니케이션,A293490,카카오게임즈
Co,커뮤니케이션,A299900,위지윅스튜디오
Co,커뮤니케이션,A299910,애닉
Co,커뮤니케이션,A310200,애니플러스
Co,커뮤니케이션,A317530,캐리소프트
Co,커뮤니케이션,A321820,아티스트컴퍼니
Co,커뮤니케이션,A322780,코퍼스코리아
Co,커뮤니케이션,A331520,밸로프
Co,커뮤니케이션,A348030,모비릭스
Co,커뮤니케이션,A351870,차이커뮤니케이션
Co,커뮤니케이션,A352820,하이브
Co,커뮤니케이션,A361570,알비더블유
Co,커뮤니케이션,A362990,드림인사이트
Co,커뮤니케이션,A363260,모비데이즈
Co,커뮤니케이션,A363280,티와이홀딩스
Co,커뮤니케이션,A389140,포바이포
Co,커뮤니케이션,A408900,스튜디오미르
Co,커뮤니케이션,A408920,메쎄이상
Co,커뮤니케이션,A417180,핑거스토리
Co,커뮤니케이션,A418470,KT밀리의서재
Co,커뮤니케이션,A419530,SAMG엔터
Co,커뮤니케이션,A432430,와이랩
Co,커뮤니케이션,A443250,레뷰코퍼레이션
Co,커뮤니케이션,A462870,시프트업
Co,커뮤니케이션,A464580,닷밀
Co,커뮤니케이션,A473980,노머스
Co,커뮤니케이션,A476080,M83
Co,커뮤니케이션,A950190,고스트스튜디오
Ut,유틸리티,A003480,한진중공업홀딩스
Ut,유틸리티,A004690,삼천리
Ut,유틸리티,A005090,SGC에너지
Ut,유틸리티,A015360,INVENI
Ut,유틸리티,A015760,한국전력
Ut,유틸리티,A016710,대성홀딩스
Ut,유틸리티,A017390,서울가스
Ut,유틸리티,A034590,인천도시가스
Ut,유틸리티,A036460,한국가스공사
Ut,유틸리티,A038870,에코바이오
Ut,유틸리티,A053050,지에스이
Ut,유틸리티,A071320,지역난방공사
Ut,유틸리티,A117580,대성에너지
Ut,유틸리티,A130660,한전산업
Ut,유틸리티,A151860,KG에코솔루션
Ut,유틸리티,A267290,경동도시가스
Ut,유틸리티,A389260,대명에너지
Ut,유틸리티,A453450,그리드위즈
Re,부동산,A013120,동원개발
Re,부동산,A015020,이스타코
Re,부동산,A034810,해성산업
Re,부동산,A034830,한국토지신탁
Re,부동산,A044180,KD
Re,부동산,A123890,한국자산신탁
Re,부동산,A210980,SK디앤디
Re,부동산,A317400,자이에스앤디
Re,부동산,A377450,리파인