ticker,reason,date_added
001620,liquidity,2025-05-13
195990,liquidity,2025-05-13
102280,liquidity,2025-05-13
060380,liquidity,2025-05-13
002880,liquidity,2025-05-13
065060,liquidity,2025-05-13
126600,liquidity,2025-05-13
091970,liquidity,2025-05-13
290270,liquidity,2025-05-13
278650,liquidity,2025-05-13
061250,liquidity,2025-05-13
004890,liquidity,2025-05-13
023910,liquidity,2025-05-13
950110,liquidity,2025-05-13
208340,liquidity,2025-05-13
031510,liquidity,2025-05-13
041590,liquidity,2025-05-13
049800,liquidity,2025-05-13
105330,liquidity,2025-05-13
382800,liquidity,2025-05-13
049080,liquidity,2025-05-13
036480,liquidity,2025-05-13
000440,liquidity,2025-05-13
033560,liquidity,2025-05-13
038060,liquidity,2025-05-13
417840,liquidity,2025-05-13
045520,liquidity,2025-05-13
330350,liquidity,2025-05-13
008110,liquidity,2025-05-13
451760,liquidity,2025-05-13
036180,liquidity,2025-05-13
011300,liquidity,2025-05-13
083790,liquidity,2025-05-13
012860,liquidity,2025-05-13
115570,liquidity,2025-05-13
227610,liquidity,2025-05-13
073560,liquidity,2025-05-13
039340,liquidity,2025-05-13
058650,liquidity,2025-05-13
007120,liquidity,2025-05-13
412350,liquidity,2025-05-13
111710,liquidity,2025-05-13
033540,liquidity,2025-05-13
050760,liquidity,2025-05-13
121800,liquidity,2025-05-13
023450,liquidity,2025-05-13
064480,liquidity,2025-05-13
005360,liquidity,2025-05-13
418420,liquidity,2025-05-13
413630,liquidity,2025-05-13
009140,liquidity,2025-05-13
187790,liquidity,2025-05-13
189690,liquidity,2025-05-13
019590,liquidity,2025-05-13
017550,liquidity,2025-05-13
462520,liquidity,2025-05-13
032300,liquidity,2025-05-13
039830,liquidity,2025-05-13
331920,liquidity,2025-05-13
033170,liquidity,2025-05-13
009810,liquidity,2025-05-13
079190,liquidity,2025-05-13
052790,liquidity,2025-05-13
015590,liquidity,2025-05-13
092440,liquidity,2025-05-13
043150,liquidity,2025-05-13
018310,liquidity,2025-05-13
016250,liquidity,2025-05-13
378850,liquidity,2025-05-13
054210,liquidity,2025-05-13
089790,liquidity,2025-05-13
290660,liquidity,2025-05-13
344860,liquidity,2025-05-13
085810,liquidity,2025-05-13
286940,liquidity,2025-05-13
274400,liquidity,2025-05-13
013120,liquidity,2025-05-13
061970,liquidity,2025-05-13
290520,liquidity,2025-05-13
023770,liquidity,2025-05-13
140070,liquidity,2025-05-13
054040,liquidity,2025-05-13
067730,liquidity,2025-05-13
042520,liquidity,2025-05-13
011810,liquidity,2025-05-13
347770,liquidity,2025-05-13
000020,liquidity,2025-05-13
086040,liquidity,2025-05-13
276730,liquidity,2025-05-13
012280,liquidity,2025-05-13
039420,liquidity,2025-05-13
002320,liquidity,2025-05-13
042600,liquidity,2025-05-13
228850,liquidity,2025-05-13
065950,liquidity,2025-05-13
091580,liquidity,2025-05-13
155650,liquidity,2025-05-13
111380,liquidity,2025-05-13
016590,liquidity,2025-05-13
012200,liquidity,2025-05-13
131090,liquidity,2025-05-13
307180,liquidity,2025-05-13
038880,liquidity,2025-05-13
432980,liquidity,2025-05-13
002810,liquidity,2025-05-13
000320,liquidity,2025-05-13
136540,liquidity,2025-05-13
012340,liquidity,2025-05-13
043200,liquidity,2025-05-13
024800,liquidity,2025-05-13
040350,liquidity,2025-05-13
036640,liquidity,2025-05-13
007720,liquidity,2025-05-13
263770,liquidity,2025-05-13
061040,liquidity,2025-05-13
067000,liquidity,2025-05-13
017040,liquidity,2025-05-13
016790,liquidity,2025-05-13
010040,liquidity,2025-05-13
079980,liquidity,2025-05-13
033050,liquidity,2025-05-13
162300,liquidity,2025-05-13
057680,liquidity,2025-05-13
452160,liquidity,2025-05-13
122900,liquidity,2025-05-13
950190,liquidity,2025-05-13
256150,liquidity,2025-05-13
067570,liquidity,2025-05-13
121890,liquidity,2025-05-13
034300,liquidity,2025-05-13
129890,liquidity,2025-05-13
084670,liquidity,2025-05-13
040610,liquidity,2025-05-13
333620,liquidity,2025-05-13
067920,liquidity,2025-05-13
469750,liquidity,2025-05-13
050090,liquidity,2025-05-13
048770,liquidity,2025-05-13
133820,liquidity,2025-05-13
173940,liquidity,2025-05-13
025440,liquidity,2025-05-13
016450,liquidity,2025-05-13
029530,liquidity,2025-05-13
043370,liquidity,2025-05-13
310870,liquidity,2025-05-13
029960,liquidity,2025-05-13
107590,liquidity,2025-05-13
066310,liquidity,2025-05-13
046120,liquidity,2025-05-13
048830,liquidity,2025-05-13
039310,liquidity,2025-05-13
217820,liquidity,2025-05-13
017250,liquidity,2025-05-13
000950,liquidity,2025-05-13
034810,liquidity,2025-05-13
085620,liquidity,2025-05-13
001750,liquidity,2025-05-13
067770,liquidity,2025-05-13
219750,liquidity,2025-05-13
001290,liquidity,2025-05-13
000430,liquidity,2025-05-13
044060,liquidity,2025-05-13
065130,liquidity,2025-05-13
143540,liquidity,2025-05-13
022220,liquidity,2025-05-13
054800,liquidity,2025-05-13
058730,liquidity,2025-05-13
139990,liquidity,2025-05-13
097800,liquidity,2025-05-13
031820,liquidity,2025-05-13
198080,liquidity,2025-05-13
002170,liquidity,2025-05-13
049470,liquidity,2025-05-13
040160,liquidity,2025-05-13
187420,liquidity,2025-05-13
234080,liquidity,2025-05-13
080520,liquidity,2025-05-13
217620,liquidity,2025-05-13
091090,liquidity,2025-05-13
182400,liquidity,2025-05-13
005710,liquidity,2025-05-13
087260,liquidity,2025-05-13
060480,liquidity,2025-05-13
240600,liquidity,2025-05-13
223250,liquidity,2025-05-13
058110,liquidity,2025-05-13
024900,liquidity,2025-05-13
002220,liquidity,2025-05-13
036190,liquidity,2025-05-13
003010,liquidity,2025-05-13
405100,liquidity,2025-05-13
312610,liquidity,2025-05-13
128540,liquidity,2025-05-13
069410,liquidity,2025-05-13
208350,liquidity,2025-05-13
353590,liquidity,2025-05-13
034950,liquidity,2025-05-13
084990,liquidity,2025-05-13
007540,liquidity,2025-05-13
066360,liquidity,2025-05-13
081000,liquidity,2025-05-13
299030,liquidity,2025-05-13
198940,liquidity,2025-05-13
317120,liquidity,2025-05-13
452400,liquidity,2025-05-13
214390,liquidity,2025-05-13
052260,liquidity,2025-05-13
275630,liquidity,2025-05-13
267790,liquidity,2025-05-13
005670,liquidity,2025-05-13
003120,liquidity,2025-05-13
128660,liquidity,2025-05-13
366030,liquidity,2025-05-13
204020,liquidity,2025-05-13
227100,liquidity,2025-05-13
010240,liquidity,2025-05-13
263600,liquidity,2025-05-13
034830,liquidity,2025-05-13
007770,liquidity,2025-05-13
037030,liquidity,2025-05-13
093380,liquidity,2025-05-13
093640,liquidity,2025-05-13
160550,liquidity,2025-05-13
038340,liquidity,2025-05-13
168330,liquidity,2025-05-13
323230,liquidity,2025-05-13
000390,liquidity,2025-05-13
065530,liquidity,2025-05-13
007610,liquidity,2025-05-13
054410,liquidity,2025-05-13
004060,liquidity,2025-05-13
040420,liquidity,2025-05-13
445180,liquidity,2025-05-13
023960,liquidity,2025-05-13
016710,liquidity,2025-05-13
149950,liquidity,2025-05-13
287410,liquidity,2025-05-13
040910,liquidity,2025-05-13
014130,liquidity,2025-05-13
104700,liquidity,2025-05-13
109820,liquidity,2025-05-13
263020,liquidity,2025-05-13
290550,liquidity,2025-05-13
088390,liquidity,2025-05-13
004840,liquidity,2025-05-13
174880,liquidity,2025-05-13
035610,liquidity,2025-05-13
217480,liquidity,2025-05-13
094860,liquidity,2025-05-13
377740,liquidity,2025-05-13
002410,liquidity,2025-05-13
068940,liquidity,2025-05-13
110790,liquidity,2025-05-13
007590,liquidity,2025-05-13
054220,liquidity,2025-05-13
001840,liquidity,2025-05-13
043220,liquidity,2025-05-13
120030,liquidity,2025-05-13
036560,liquidity,2025-05-13
001570,liquidity,2025-05-13
079000,liquidity,2025-05-13
079650,liquidity,2025-05-13
140520,liquidity,2025-05-13
015710,liquidity,2025-05-13
096350,liquidity,2025-05-13
308080,liquidity,2025-05-13
347740,liquidity,2025-05-13
095190,liquidity,2025-05-13
060590,liquidity,2025-05-13
073570,liquidity,2025-05-13
103230,liquidity,2025-05-13
008260,liquidity,2025-05-13
001560,liquidity,2025-05-13
016580,liquidity,2025-05-13
256630,liquidity,2025-05-13
033530,liquidity,2025-05-13
267850,liquidity,2025-05-13
268280,liquidity,2025-05-13
270870,liquidity,2025-05-13
083550,liquidity,2025-05-13
001810,liquidity,2025-05-13
143160,liquidity,2025-05-13
376180,liquidity,2025-05-13
072710,liquidity,2025-05-13
003100,liquidity,2025-05-13
017900,liquidity,2025-05-13
000180,liquidity,2025-05-13
376290,liquidity,2025-05-13
027040,liquidity,2025-05-13
057880,liquidity,2025-05-13
016800,liquidity,2025-05-13
214870,liquidity,2025-05-13
101680,liquidity,2025-05-13
091590,liquidity,2025-05-13
051380,liquidity,2025-05-13
045970,liquidity,2025-05-13
216050,liquidity,2025-05-13
369370,liquidity,2025-05-13
017180,liquidity,2025-05-13
013870,liquidity,2025-05-13
134380,liquidity,2025-05-13
104620,liquidity,2025-05-13
010400,liquidity,2025-05-13
004080,liquidity,2025-05-13
053950,liquidity,2025-05-13
177830,liquidity,2025-05-13
308170,liquidity,2025-05-13
058450,liquidity,2025-05-13
102460,liquidity,2025-05-13
299910,liquidity,2025-05-13
146320,liquidity,2025-05-13
238090,liquidity,2025-05-13
002200,liquidity,2025-05-13
258610,liquidity,2025-05-13
151910,liquidity,2025-05-13
475660,liquidity,2025-05-13
000300,liquidity,2025-05-13
001940,liquidity,2025-05-13
109670,liquidity,2025-05-13
005990,liquidity,2025-05-13
093920,liquidity,2025-05-13
049830,liquidity,2025-05-13
115390,liquidity,2025-05-13
001420,liquidity,2025-05-13
131100,liquidity,2025-05-13
092190,liquidity,2025-05-13
123700,liquidity,2025-05-13
078890,liquidity,2025-05-13
032790,liquidity,2025-05-13
311320,liquidity,2025-05-13
222160,liquidity,2025-05-13
019770,liquidity,2025-05-13
106080,liquidity,2025-05-13
001070,liquidity,2025-05-13
060240,liquidity,2025-05-13
317400,liquidity,2025-05-13
110020,liquidity,2025-05-13
178780,liquidity,2025-05-13
096240,liquidity,2025-05-13
419080,liquidity,2025-05-13
023600,liquidity,2025-05-13
017650,liquidity,2025-05-13
003650,liquidity,2025-05-13
052860,liquidity,2025-05-13
108230,liquidity,2025-05-13
033290,liquidity,2025-05-13
047310,liquidity,2025-05-13
005960,liquidity,2025-05-13
230980,liquidity,2025-05-13
020760,liquidity,2025-05-13
024120,liquidity,2025-05-13
049550,liquidity,2025-05-13
036580,liquidity,2025-05-13
000650,liquidity,2025-05-13
095270,liquidity,2025-05-13
200470,liquidity,2025-05-13
096870,liquidity,2025-05-13
065570,liquidity,2025-05-13
225430,liquidity,2025-05-13
294140,liquidity,2025-05-13
038290,liquidity,2025-05-13
034940,liquidity,2025-05-13
224060,liquidity,2025-05-13
066590,liquidity,2025-05-13
003680,liquidity,2025-05-13
032980,liquidity,2025-05-13
080010,liquidity,2025-05-13
088910,liquidity,2025-05-13
263540,liquidity,2025-05-13
014570,liquidity,2025-05-13
290720,liquidity,2025-05-13
007700,liquidity,2025-05-13
053060,liquidity,2025-05-13
143210,liquidity,2025-05-13
054090,liquidity,2025-05-13
026040,liquidity,2025-05-13
246720,liquidity,2025-05-13
000590,liquidity,2025-05-13
044780,liquidity,2025-05-13
004250,liquidity,2025-05-13
041520,liquidity,2025-05-13
060850,liquidity,2025-05-13
106520,liquidity,2025-05-13
002820,liquidity,2025-05-13
138580,liquidity,2025-05-13
000400,liquidity,2025-05-13
432470,liquidity,2025-05-13
142760,liquidity,2025-05-13
096040,liquidity,2025-05-13
204630,liquidity,2025-05-13
415380,liquidity,2025-05-13
139670,liquidity,2025-05-13
109960,liquidity,2025-05-13
037370,liquidity,2025-05-13
009310,liquidity,2025-05-13
290120,liquidity,2025-05-13
032800,liquidity,2025-05-13
130500,liquidity,2025-05-13
052900,liquidity,2025-05-13
238490,liquidity,2025-05-13
009440,liquidity,2025-05-13
086670,liquidity,2025-05-13
002230,liquidity,2025-05-13
045510,liquidity,2025-05-13
396300,liquidity,2025-05-13
153710,liquidity,2025-05-13
006380,liquidity,2025-05-13
084730,liquidity,2025-05-13
046390,liquidity,2025-05-13
008470,liquidity,2025-05-13
200780,liquidity,2025-05-13
023800,liquidity,2025-05-13
002680,liquidity,2025-05-13
008290,liquidity,2025-05-13
221980,liquidity,2025-05-13
114450,liquidity,2025-05-13
000850,liquidity,2025-05-13
303030,liquidity,2025-05-13
229000,liquidity,2025-05-13
050860,liquidity,2025-05-13
330860,liquidity,2025-05-13
138070,liquidity,2025-05-13
054920,liquidity,2025-05-13
002870,liquidity,2025-05-13
079950,liquidity,2025-05-13
225590,liquidity,2025-05-13
001260,liquidity,2025-05-13
016600,liquidity,2025-05-13
011040,liquidity,2025-05-13
263920,liquidity,2025-05-13
327260,liquidity,2025-05-13
318010,liquidity,2025-05-13
049960,liquidity,2025-05-13
290380,liquidity,2025-05-13
053210,liquidity,2025-05-13
222110,liquidity,2025-05-13
004360,liquidity,2025-05-13
357230,liquidity,2025-05-13
092780,liquidity,2025-05-13
347890,liquidity,2025-05-13
335870,liquidity,2025-05-13
019540,liquidity,2025-05-13
200230,liquidity,2025-05-13
073540,liquidity,2025-05-13
190650,liquidity,2025-05-13
067900,liquidity,2025-05-13
452200,liquidity,2025-05-13
037760,liquidity,2025-05-13
078590,liquidity,2025-05-13
239610,liquidity,2025-05-13
008870,liquidity,2025-05-13
265560,liquidity,2025-05-13
015360,liquidity,2025-05-13
226440,liquidity,2025-05-13
027740,liquidity,2025-05-13
046070,liquidity,2025-05-13
003610,liquidity,2025-05-13
018680,liquidity,2025-05-13
072470,liquidity,2025-05-13
052600,liquidity,2025-05-13
214270,liquidity,2025-05-13
062860,liquidity,2025-05-13
009290,liquidity,2025-05-13
298000,liquidity,2025-05-13
071670,liquidity,2025-05-13
016740,liquidity,2025-05-13
002600,liquidity,2025-05-13
042110,liquidity,2025-05-13
019440,liquidity,2025-05-13
098660,liquidity,2025-05-13
063570,liquidity,2025-05-13
001360,liquidity,2025-05-13
303530,liquidity,2025-05-13
130740,liquidity,2025-05-13
033200,liquidity,2025-05-13
377460,liquidity,2025-05-13
246250,liquidity,2025-05-13
101330,liquidity,2025-05-13
043090,liquidity,2025-05-13
037400,liquidity,2025-05-13
005110,liquidity,2025-05-13
071460,liquidity,2025-05-13
294090,liquidity,2025-05-13
371950,liquidity,2025-05-13
001140,liquidity,2025-05-13
042510,liquidity,2025-05-13
298540,liquidity,2025-05-13
063760,liquidity,2025-05-13
290560,liquidity,2025-05-13
302550,liquidity,2025-05-13
046210,liquidity,2025-05-13
290090,liquidity,2025-05-13
217190,liquidity,2025-05-13
227950,liquidity,2025-05-13
059100,liquidity,2025-05-13
006740,liquidity,2025-05-13
412540,liquidity,2025-05-13
021650,liquidity,2025-05-13
171120,liquidity,2025-05-13
023810,liquidity,2025-05-13
004310,liquidity,2025-05-13
252500,liquidity,2025-05-13
069510,liquidity,2025-05-13
352940,liquidity,2025-05-13
352700,liquidity,2025-05-13
096690,liquidity,2025-05-13
115310,liquidity,2025-05-13
069640,liquidity,2025-05-13
221840,liquidity,2025-05-13
049520,liquidity,2025-05-13
245620,liquidity,2025-05-13
056700,liquidity,2025-05-13
054670,liquidity,2025-05-13
084870,liquidity,2025-05-13
045100,liquidity,2025-05-13
080720,liquidity,2025-05-13
352910,liquidity,2025-05-13
003520,liquidity,2025-05-13
405920,liquidity,2025-05-13
263810,liquidity,2025-05-13
217500,liquidity,2025-05-13
187270,liquidity,2025-05-13
123420,liquidity,2025-05-13
041910,liquidity,2025-05-13
068930,liquidity,2025-05-13
317870,liquidity,2025-05-13
353190,liquidity,2025-05-13
069140,liquidity,2025-05-13
065690,liquidity,2025-05-13
331380,liquidity,2025-05-13
023760,liquidity,2025-05-13
290740,liquidity,2025-05-13
053700,liquidity,2025-05-13
191420,liquidity,2025-05-13
005030,liquidity,2025-05-13
351330,liquidity,2025-05-13
101400,liquidity,2025-05-13
332370,liquidity,2025-05-13
093230,liquidity,2025-05-13
005800,liquidity,2025-05-13
000140,liquidity,2025-05-13
138080,liquidity,2025-05-13
042040,liquidity,2025-05-13
066410,liquidity,2025-05-13
050120,liquidity,2025-05-13
238120,liquidity,2025-05-13
087600,liquidity,2025-05-13
004150,liquidity,2025-05-13
153460,liquidity,2025-05-13
045060,liquidity,2025-05-13
005500,liquidity,2025-05-13
417970,liquidity,2025-05-13
069730,liquidity,2025-05-13
027410,liquidity,2025-05-13
005950,liquidity,2025-05-13
127710,liquidity,2025-05-13
038950,liquidity,2025-05-13
277410,liquidity,2025-05-13
089470,liquidity,2025-05-13
066670,liquidity,2025-05-13
072020,liquidity,2025-05-13
408920,liquidity,2025-05-13
267290,liquidity,2025-05-13
018120,liquidity,2025-05-13
094280,liquidity,2025-05-13
071840,liquidity,2025-05-13
136490,liquidity,2025-05-13
096610,liquidity,2025-05-13
225220,liquidity,2025-05-13
203690,liquidity,2025-05-13
123570,liquidity,2025-05-13
153490,liquidity,2025-05-13
036030,liquidity,2025-05-13
049180,liquidity,2025-05-13
067830,liquidity,2025-05-13
017390,liquidity,2025-05-13
013520,liquidity,2025-05-13
357580,liquidity,2025-05-13
078070,liquidity,2025-05-13
021050,liquidity,2025-05-13
019010,liquidity,2025-05-13
002100,liquidity,2025-05-13
038010,liquidity,2025-05-13
092600,liquidity,2025-05-13
005320,liquidity,2025-05-13
051390,liquidity,2025-05-13
030720,liquidity,2025-05-13
183490,liquidity,2025-05-13
015260,liquidity,2025-05-13
072870,liquidity,2025-05-13
239890,liquidity,2025-05-13
065650,liquidity,2025-05-13
044820,liquidity,2025-05-13
008370,liquidity,2025-05-13
006890,liquidity,2025-05-13
139050,liquidity,2025-05-13
003200,liquidity,2025-05-13
004970,liquidity,2025-05-13
187870,liquidity,2025-05-13
323350,liquidity,2025-05-13
368970,liquidity,2025-05-13
335810,liquidity,2025-05-13
012790,liquidity,2025-05-13
262840,liquidity,2025-05-13
023460,liquidity,2025-05-13
060570,liquidity,2025-05-13
111110,liquidity,2025-05-13
012600,liquidity,2025-05-13
201490,liquidity,2025-05-13
016090,liquidity,2025-05-13
099750,liquidity,2025-05-13
090470,liquidity,2025-05-13
284620,liquidity,2025-05-13
228340,liquidity,2025-05-13
377330,liquidity,2025-05-13
196450,liquidity,2025-05-13
279600,liquidity,2025-05-13
264450,liquidity,2025-05-13
298060,liquidity,2025-05-13
044480,liquidity,2025-05-13
088130,liquidity,2025-05-13
024070,liquidity,2025-05-13
109740,liquidity,2025-05-13
019680,liquidity,2025-05-13
291810,liquidity,2025-05-13
071850,liquidity,2025-05-13
117670,liquidity,2025-05-13
027710,liquidity,2025-05-13
017480,liquidity,2025-05-13
066620,liquidity,2025-05-13
074610,liquidity,2025-05-13
011370,liquidity,2025-05-13
092230,liquidity,2025-05-13
035000,liquidity,2025-05-13
196490,liquidity,2025-05-13
030350,liquidity,2025-05-13
002460,liquidity,2025-05-13
093190,liquidity,2025-05-13
376190,liquidity,2025-05-13
355690,liquidity,2025-05-13
365590,liquidity,2025-05-13
052300,liquidity,2025-05-13
154040,liquidity,2025-05-13
033180,liquidity,2025-05-13
004700,liquidity,2025-05-13
024090,liquidity,2025-05-13
246960,liquidity,2025-05-13
348030,liquidity,2025-05-13
006200,liquidity,2025-05-13
072520,liquidity,2025-05-13
055490,liquidity,2025-05-13
238200,liquidity,2025-05-13
301300,liquidity,2025-05-13
072990,liquidity,2025-05-13
056730,liquidity,2025-05-13
036670,liquidity,2025-05-13
115530,liquidity,2025-05-13
032540,liquidity,2025-05-13
160600,liquidity,2025-05-13
321370,liquidity,2025-05-13
005430,liquidity,2025-05-13
004590,liquidity,2025-05-13
002360,liquidity,2025-05-13
009180,liquidity,2025-05-13
117580,liquidity,2025-05-13
405000,liquidity,2025-05-13
122690,liquidity,2025-05-13
092130,liquidity,2025-05-13
237750,liquidity,2025-05-13
080530,liquidity,2025-05-13
090370,liquidity,2025-05-13
023790,liquidity,2025-05-13
336680,liquidity,2025-05-13
043360,liquidity,2025-05-13
311690,liquidity,2025-05-13
361570,liquidity,2025-05-13
065150,liquidity,2025-05-13
321260,liquidity,2025-05-13
215090,liquidity,2025-05-13
244460,liquidity,2025-05-13
001230,liquidity,2025-05-13
318410,liquidity,2025-05-13
361670,liquidity,2025-05-13
015860,liquidity,2025-05-13
119610,liquidity,2025-05-13
078020,liquidity,2025-05-13
020400,liquidity,2025-05-13
001470,liquidity,2025-05-13
023000,liquidity,2025-05-13
004450,liquidity,2025-05-13
003560,liquidity,2025-05-13
029460,liquidity,2025-05-13
091340,liquidity,2025-05-13
010280,liquidity,2025-05-13
024890,liquidity,2025-05-13
003460,liquidity,2025-05-13
251630,liquidity,2025-05-13
016100,liquidity,2025-05-13
159010,liquidity,2025-05-13
013570,liquidity,2025-05-13
094970,liquidity,2025-05-13
049120,liquidity,2025-05-13
950130,liquidity,2025-05-13
084440,liquidity,2025-05-13
046440,liquidity,2025-05-13
220180,liquidity,2025-05-13
222980,liquidity,2025-05-13
004910,liquidity,2025-05-13
035620,liquidity,2025-05-13
148930,liquidity,2025-05-13
007280,liquidity,2025-05-13
000860,liquidity,2025-05-13
222040,liquidity,2025-05-13
064520,liquidity,2025-05-13
000700,liquidity,2025-05-13
054630,liquidity,2025-05-13
001270,liquidity,2025-05-13
002240,liquidity,2025-05-13
002150,liquidity,2025-05-13
003830,liquidity,2025-05-13
007530,liquidity,2025-05-13
261780,liquidity,2025-05-13
079970,liquidity,2025-05-13
107600,liquidity,2025-05-13
403550,liquidity,2025-05-13
111870,liquidity,2025-05-13
096760,liquidity,2025-05-13
036220,liquidity,2025-05-13
036170,liquidity,2025-05-13
250930,liquidity,2025-05-13
208860,liquidity,2025-05-13
003580,liquidity,2025-05-13
021320,liquidity,2025-05-13
003070,liquidity,2025-05-13
119650,liquidity,2025-05-13
089600,liquidity,2025-05-13
021820,liquidity,2025-05-13
096630,liquidity,2025-05-13
006840,liquidity,2025-05-13
045300,liquidity,2025-05-13
051780,liquidity,2025-05-13
039570,liquidity,2025-05-13
043710,liquidity,2025-05-13
241690,liquidity,2025-05-13
039740,liquidity,2025-05-13
025530,liquidity,2025-05-13
024880,liquidity,2025-05-13
053260,liquidity,2025-05-13
189860,liquidity,2025-05-13
282880,liquidity,2025-05-13
032560,liquidity,2025-05-13
257370,liquidity,2025-05-13
122310,liquidity,2025-05-13
046310,liquidity,2025-05-13
024810,liquidity,2025-05-13
003800,liquidity,2025-05-13
023150,liquidity,2025-05-13
417010,liquidity,2025-05-13
131180,liquidity,2025-05-13
269620,liquidity,2025-05-13
214610,liquidity,2025-05-13
067990,liquidity,2025-05-13
034590,liquidity,2025-05-13
080470,liquidity,2025-05-13
001770,liquidity,2025-05-13
263050,liquidity,2025-05-13
127980,liquidity,2025-05-13
009770,liquidity,2025-05-13
184230,liquidity,2025-05-13
146060,liquidity,2025-05-13
041650,liquidity,2025-05-13
066900,liquidity,2025-05-13
303360,liquidity,2025-05-13
036010,liquidity,2025-05-13
197140,liquidity,2025-05-13
214310,liquidity,2025-05-13
100030,liquidity,2025-05-13
234100,liquidity,2025-05-13
222810,liquidity,2025-05-13
005680,liquidity,2025-05-13
014790,liquidity,2025-05-13
053620,liquidity,2025-05-13
012620,liquidity,2025-05-13
042420,liquidity,2025-05-13
026910,liquidity,2025-05-13
317690,liquidity,2025-05-13
214330,liquidity,2025-05-13
123750,liquidity,2025-05-13
027970,liquidity,2025-05-13
078940,liquidity,2025-05-13
036690,liquidity,2025-05-13
159910,liquidity,2025-05-13
006570,liquidity,2025-05-13
004780,liquidity,2025-05-13
000230,liquidity,2025-05-13
163560,liquidity,2025-05-13
083470,liquidity,2025-05-13
036710,liquidity,2025-05-13
007690,liquidity,2025-05-13
003300,liquidity,2025-05-13
037330,liquidity,2025-05-13
188260,liquidity,2025-05-13
015230,liquidity,2025-05-13
147760,liquidity,2025-05-13
067370,liquidity,2025-05-13
122350,liquidity,2025-05-13
035460,liquidity,2025-05-13
009300,liquidity,2025-05-13
011560,liquidity,2025-05-13
106190,liquidity,2025-05-13
001460,liquidity,2025-05-13
130580,liquidity,2025-05-13
043590,liquidity,2025-05-13
100660,liquidity,2025-05-13
005720,liquidity,2025-05-13
226360,liquidity,2025-05-13
088280,liquidity,2025-05-13
001080,liquidity,2025-05-13
215380,liquidity,2025-05-13
005750,liquidity,2025-05-13
259630,liquidity,2025-05-13
052770,liquidity,2025-05-13
306040,liquidity,2025-05-13
015890,liquidity,2025-05-13
267980,liquidity,2025-05-13
169330,liquidity,2025-05-13
018620,liquidity,2025-05-13
079430,liquidity,2025-05-13
115480,liquidity,2025-05-13
291650,liquidity,2025-05-13
134060,liquidity,2025-05-13
083640,liquidity,2025-05-13
004720,liquidity,2025-05-13
004270,liquidity,2025-05-13
036000,liquidity,2025-05-13
009320,liquidity,2025-05-13
085910,liquidity,2025-05-13
010600,liquidity,2025-05-13
079170,liquidity,2025-05-13
018700,liquidity,2025-05-13
000760,liquidity,2025-05-13
215790,liquidity,2025-05-13
054620,liquidity,2025-05-13
017890,liquidity,2025-05-13
011280,liquidity,2025-05-13
073640,liquidity,2025-05-13
078130,liquidity,2025-05-13
010580,liquidity,2025-05-13
006980,liquidity,2025-05-13
136410,liquidity,2025-05-13
025770,liquidity,2025-05-13
367000,liquidity,2025-05-13
273640,liquidity,2025-05-13
065510,liquidity,2025-05-13
307750,liquidity,2025-05-13
120240,liquidity,2025-05-13
014200,liquidity,2025-05-13
002920,liquidity,2025-05-13
179530,liquidity,2025-05-13
075180,liquidity,2025-05-13
109860,liquidity,2025-05-13
003060,liquidity,2025-05-13
072950,liquidity,2025-05-13
080000,liquidity,2025-05-13
068790,liquidity,2025-05-13
032750,liquidity,2025-05-13
215360,liquidity,2025-05-13
044960,liquidity,2025-05-13
227840,liquidity,2025-05-13
050110,liquidity,2025-05-13
149980,liquidity,2025-05-13
100590,liquidity,2025-05-13
002420,liquidity,2025-05-13
023900,liquidity,2025-05-13
001130,liquidity,2025-05-13
004440,liquidity,2025-05-13
012030,liquidity,2025-05-13
123840,liquidity,2025-05-13
418250,liquidity,2025-05-13
076080,liquidity,2025-05-13
025890,liquidity,2025-05-13
082660,liquidity,2025-05-13
001510,liquidity,2025-05-13
074430,liquidity,2025-05-13
089150,liquidity,2025-05-13
114630,liquidity,2025-05-13
099390,liquidity,2025-05-13
005820,liquidity,2025-05-13
052670,liquidity,2025-05-13
054940,liquidity,2025-05-13
003080,liquidity,2025-05-13
272550,liquidity,2025-05-13
002690,liquidity,2025-05-13
000480,liquidity,2025-05-13
047080,liquidity,2025-05-13
001630,liquidity,2025-05-13
090150,liquidity,2025-05-13
241820,liquidity,2025-05-13
365900,liquidity,2025-05-13
001020,liquidity,2025-05-13
131030,liquidity,2025-05-13
258830,liquidity,2025-05-13
039290,liquidity,2025-05-13
137080,liquidity,2025-05-13
036800,liquidity,2025-05-13
307280,liquidity,2025-05-13
210540,liquidity,2025-05-13
099520,liquidity,2025-05-13
032960,liquidity,2025-05-13
150840,liquidity,2025-05-13
014910,liquidity,2025-05-13
268600,liquidity,2025-05-13
039560,liquidity,2025-05-13
088800,liquidity,2025-05-13
080420,liquidity,2025-05-13
255440,liquidity,2025-05-13
000040,trading_halt,2025-05-21
000050,trading_halt,2025-05-21
000070,trading_halt,2025-05-21
000080,trading_halt,2025-05-21
000210,trading_halt,2025-05-21
000220,trading_halt,2025-05-21
000240,trading_halt,2025-05-21
000370,trading_halt,2025-05-21
000490,trading_halt,2025-05-21
000500,trading_halt,2025-05-21
000540,trading_halt,2025-05-21
000600,trading_halt,2025-05-21
000640,trading_halt,2025-05-21
000670,trading_halt,2025-05-21
000680,trading_halt,2025-05-21
000800,trading_halt,2025-05-21
000890,trading_halt,2025-05-21
001000,trading_halt,2025-05-21
001200,trading_halt,2025-05-21
001340,trading_halt,2025-05-21
001380,trading_halt,2025-05-21
001390,trading_halt,2025-05-21
001430,trading_halt,2025-05-21
001520,trading_halt,2025-05-21
001530,trading_halt,2025-05-21
001550,trading_halt,2025-05-21
001680,trading_halt,2025-05-21
001740,trading_halt,2025-05-21
001800,trading_halt,2025-05-21
002030,trading_halt,2025-05-21
002070,trading_halt,2025-05-21
002140,trading_halt,2025-05-21
002350,trading_halt,2025-05-21
002450,trading_halt,2025-05-21
002630,trading_halt,2025-05-21
002700,trading_halt,2025-05-21
002780,trading_halt,2025-05-21
002790,trading_halt,2025-05-21
002960,trading_halt,2025-05-21
003230,trading_halt,2025-05-21
003480,trading_halt,2025-05-21
003620,trading_halt,2025-05-21
003920,trading_halt,2025-05-21
004560,trading_halt,2025-05-21
004690,trading_halt,2025-05-21
005090,trading_halt,2025-05-21
006120,trading_halt,2025-05-21
006490,trading_halt,2025-05-21
007390,trading_halt,2025-05-21
008930,trading_halt,2025-05-21
009620,trading_halt,2025-05-21
010420,trading_halt,2025-05-21
010470,trading_halt,2025-05-21
010660,trading_halt,2025-05-21
010690,trading_halt,2025-05-21
010770,trading_halt,2025-05-21
011070,trading_halt,2025-05-21
011080,trading_halt,2025-05-21
011230,trading_halt,2025-05-21
011320,trading_halt,2025-05-21
011390,trading_halt,2025-05-21
012170,trading_halt,2025-05-21
012320,trading_halt,2025-05-21
012630,trading_halt,2025-05-21
013580,trading_halt,2025-05-21
013700,trading_halt,2025-05-21
013720,trading_halt,2025-05-21
014990,trading_halt,2025-05-21
015020,trading_halt,2025-05-21
016670,trading_halt,2025-05-21
017940,trading_halt,2025-05-21
018670,trading_halt,2025-05-21
020710,trading_halt,2025-05-21
024060,trading_halt,2025-05-21
024720,trading_halt,2025-05-21
024850,trading_halt,2025-05-21
025900,trading_halt,2025-05-21
026150,trading_halt,2025-05-21
029480,trading_halt,2025-05-21
030520,trading_halt,2025-05-21
031860,trading_halt,2025-05-21
032940,trading_halt,2025-05-21
033250,trading_halt,2025-05-21
033790,trading_halt,2025-05-21
035510,trading_halt,2025-05-21
036530,trading_halt,2025-05-21
037350,trading_halt,2025-05-21
037440,trading_halt,2025-05-21
037560,trading_halt,2025-05-21
038070,trading_halt,2025-05-21
038540,trading_halt,2025-05-21
041830,trading_halt,2025-05-21
042940,trading_halt,2025-05-21
044180,trading_halt,2025-05-21
045340,trading_halt,2025-05-21
046890,trading_halt,2025-05-21
047820,trading_halt,2025-05-21
052400,trading_halt,2025-05-21
053350,trading_halt,2025-05-21
056360,trading_halt,2025-05-21
058820,trading_halt,2025-05-21
058970,trading_halt,2025-05-21
060260,trading_halt,2025-05-21
060310,trading_halt,2025-05-21
060900,trading_halt,2025-05-21
064260,trading_halt,2025-05-21
064550,trading_halt,2025-05-21
065170,trading_halt,2025-05-21
065420,trading_halt,2025-05-21
065500,trading_halt,2025-05-21
065680,trading_halt,2025-05-21
066430,trading_halt,2025-05-21
067170,trading_halt,2025-05-21
068290,trading_halt,2025-05-21
069920,trading_halt,2025-05-21
071320,trading_halt,2025-05-21
075580,trading_halt,2025-05-21
078860,trading_halt,2025-05-21
079550,trading_halt,2025-05-21
079810,trading_halt,2025-05-21
082210,trading_halt,2025-05-21
082800,trading_halt,2025-05-21
083660,trading_halt,2025-05-21
086450,trading_halt,2025-05-21
089140,trading_halt,2025-05-21
089850,trading_halt,2025-05-21
092220,trading_halt,2025-05-21
093240,trading_halt,2025-05-21
095500,trading_halt,2025-05-21
095660,trading_halt,2025-05-21
101930,trading_halt,2025-05-21
102260,trading_halt,2025-05-21
104460,trading_halt,2025-05-21
105630,trading_halt,2025-05-21
120519,trading_halt,2025-05-21
123330,trading_halt,2025-05-21
123890,trading_halt,2025-05-21
124533,trading_halt,2025-05-21
127120,trading_halt,2025-05-21
129260,trading_halt,2025-05-21
131760,trading_halt,2025-05-21
140430,trading_halt,2025-05-21
144960,trading_halt,2025-05-21
147830,trading_halt,2025-05-21
177350,trading_halt,2025-05-21
192410,trading_halt,2025-05-21
193250,trading_halt,2025-05-21
196700,trading_halt,2025-05-21
199550,trading_halt,2025-05-21
200350,trading_halt,2025-05-21
200710,trading_halt,2025-05-21
200880,trading_halt,2025-05-21
210980,trading_halt,2025-05-21
212560,trading_halt,2025-05-21
214450,trading_halt,2025-05-21
219550,trading_halt,2025-05-21
222080,trading_halt,2025-05-21
239340,trading_halt,2025-05-21
241520,trading_halt,2025-05-21
246690,trading_halt,2025-05-21
251120,trading_halt,2025-05-21
258790,trading_halt,2025-05-21
260970,trading_halt,2025-05-21
263800,trading_halt,2025-05-21
272290,trading_halt,2025-05-21
277070,trading_halt,2025-05-21
288330,trading_halt,2025-05-21
308100,trading_halt,2025-05-21
313760,trading_halt,2025-05-21
328380,trading_halt,2025-05-21
382840,trading_halt,2025-05-21
389140,trading_halt,2025-05-21
441270,trading_halt,2025-05-21
443060,trading_halt,2025-05-21
443250,trading_halt,2025-05-21
445090,trading_halt,2025-05-21
457600,trading_halt,2025-05-21
950160,trading_halt,2025-05-21
